date,tonnes,rainfall_mm,equipment_downtime_hours,is_holiday
2018-01-01,726.7,0.0,0.0,0
2018-01-02,682.7,0.0,0.0,0
2018-01-03,698.8,0.0,0.0,0
2018-01-04,725.3,0.0,0.0,0
2018-01-05,703.4,0.0,0.0,0
2018-01-06,719.2,0.0,0.0,0
2018-01-07,441.0,0.0,0.0,1
2018-01-08,779.4,0.0,0.0,0
2018-01-09,831.5,0.0,0.0,0
2018-01-10,744.1,0.0,0.0,0
2018-01-11,775.4,0.0,0.0,0
2018-01-12,737.1,0.0,0.0,0
2018-01-13,735.0,0.0,0.0,0
2018-01-14,428.6,0.0,0.0,1
2018-01-15,791.3,0.0,0.0,0
2018-01-16,776.5,0.0,0.0,0
2018-01-17,757.2,0.0,0.0,0
2018-01-18,701.3,0.0,0.0,0
2018-01-19,814.2,0.0,0.0,0
2018-01-20,861.9,0.0,0.0,0
2018-01-21,314.8,0.0,8.0,1
2018-01-22,535.8,0.0,8.0,0
2018-01-23,490.3,0.0,8.0,0
2018-01-24,505.9,0.0,8.0,0
2018-01-25,718.4,0.0,0.0,0
2018-01-26,791.2,0.0,0.0,0
2018-01-27,781.3,0.0,0.0,0
2018-01-28,416.0,0.0,0.0,1
2018-01-29,810.2,0.0,0.0,0
2018-01-30,798.1,0.0,0.0,0
2018-01-31,788.5,0.0,0.0,0
2018-02-01,816.9,0.0,0.0,0
2018-02-02,873.5,0.0,0.0,0
2018-02-03,749.6,0.0,0.0,0
2018-02-04,397.9,0.0,0.0,1
2018-02-05,783.5,0.0,0.0,0
2018-02-06,827.3,0.0,0.0,0
2018-02-07,791.5,0.0,0.0,0
2018-02-08,796.8,0.0,0.0,0
2018-02-09,747.9,0.0,0.0,0
2018-02-10,751.6,0.0,0.0,0
2018-02-11,403.7,0.9,0.0,1
2018-02-12,825.9,5.9,0.0,0
2018-02-13,668.9,14.7,0.0,0
2018-02-14,676.6,0.0,0.0,0
2018-02-15,641.6,0.0,0.0,0
2018-02-16,635.4,0.0,0.0,0
2018-02-17,491.4,0.0,8.0,0
2018-02-18,274.7,0.0,8.0,1
2018-02-19,495.9,0.0,8.0,0
2018-02-20,557.6,0.0,8.0,0
2018-02-21,480.8,0.0,8.0,0
2018-02-22,500.4,0.0,8.0,0
2018-02-23,751.6,0.0,0.0,0
2018-02-24,825.4,0.0,0.0,0
2018-02-25,388.5,0.0,0.0,1
2018-02-26,771.4,0.0,0.0,0
2018-02-27,780.0,0.0,0.0,0
2018-02-28,861.8,0.0,0.0,0
2018-03-01,851.3,0.0,0.0,0
2018-03-02,738.6,0.0,0.0,0
2018-03-03,502.4,0.0,8.0,0
2018-03-04,269.5,0.0,8.0,1
2018-03-05,568.4,0.0,8.0,0
2018-03-06,556.4,0.0,8.0,0
2018-03-07,496.4,0.0,8.0,0
2018-03-08,369.9,0.1,16.0,0
2018-03-09,390.6,0.0,16.0,0
2018-03-10,801.0,0.5,0.0,0
2018-03-11,384.2,0.2,0.0,1
2018-03-12,792.1,0.4,0.0,0
2018-03-13,556.4,0.0,8.0,0
2018-03-14,534.0,0.0,8.0,0
2018-03-15,519.2,0.0,8.0,0
2018-03-16,473.6,1.0,8.0,0
2018-03-17,479.3,0.2,8.0,0
2018-03-18,262.6,0.0,8.0,1
2018-03-19,472.0,0.0,8.0,0
2018-03-20,526.2,0.0,8.0,0
2018-03-21,792.5,0.4,0.0,0
2018-03-22,736.6,0.0,0.0,0
2018-03-23,455.5,0.0,8.0,0
2018-03-24,778.7,0.0,0.0,0
2018-03-25,449.8,0.0,0.0,1
2018-03-26,759.3,0.0,0.0,0
2018-03-27,765.0,0.0,0.0,0
2018-03-28,787.3,0.0,0.0,0
2018-03-29,739.3,0.0,0.0,0
2018-03-30,772.9,0.0,0.0,0
2018-03-31,778.9,0.0,0.0,0
2018-04-01,434.0,2.9,0.0,1
2018-04-02,781.5,0.0,0.0,0
2018-04-03,714.1,0.0,0.0,0
2018-04-04,713.7,0.0,0.0,0
2018-04-05,680.8,0.8,0.0,0
2018-04-06,795.0,1.6,0.0,0
2018-04-07,742.4,0.5,0.0,0
2018-04-08,372.6,0.0,0.0,1
2018-04-09,694.2,0.7,0.0,0
2018-04-10,696.7,1.8,0.0,0
2018-04-11,740.7,0.3,0.0,0
2018-04-12,718.1,0.4,0.0,0
2018-04-13,705.4,0.9,0.0,0
2018-04-14,773.8,3.3,0.0,0
2018-04-15,415.2,2.4,0.0,1
2018-04-16,753.5,0.1,0.0,0
2018-04-17,724.0,0.1,0.0,0
2018-04-18,747.6,0.0,0.0,0
2018-04-19,677.8,0.0,0.0,0
2018-04-20,701.0,0.0,0.0,0
2018-04-21,762.0,0.0,0.0,0
2018-04-22,428.2,0.0,0.0,1
2018-04-23,818.4,0.0,0.0,0
2018-04-24,630.5,0.0,0.0,0
2018-04-25,736.2,0.0,0.0,0
2018-04-26,734.8,0.0,0.0,0
2018-04-27,687.6,0.0,0.0,0
2018-04-28,687.5,0.0,0.0,0
2018-04-29,384.3,1.0,0.0,1
2018-04-30,716.3,0.0,0.0,0
2018-05-01,728.9,1.5,0.0,0
2018-05-02,745.0,1.7,0.0,0
2018-05-03,665.3,2.7,0.0,0
2018-05-04,642.7,0.0,0.0,0
2018-05-05,708.8,0.0,0.0,0
2018-05-06,379.2,0.0,0.0,1
2018-05-07,693.2,0.0,0.0,0
2018-05-08,680.0,0.0,0.0,0
2018-05-09,721.5,0.0,0.0,0
2018-05-10,712.1,0.0,0.0,0
2018-05-11,794.8,0.0,0.0,0
2018-05-12,787.6,0.9,0.0,0
2018-05-13,352.8,0.1,0.0,1
2018-05-14,724.6,1.3,0.0,0
2018-05-15,780.0,0.0,0.0,0
2018-05-16,726.5,1.4,0.0,0
2018-05-17,734.6,0.0,0.0,0
2018-05-18,801.2,0.3,0.0,0
2018-05-19,669.6,0.0,0.0,0
2018-05-20,400.0,0.0,0.0,1
2018-05-21,769.4,0.0,0.0,0
2018-05-22,721.3,0.8,0.0,0
2018-05-23,747.3,0.1,0.0,0
2018-05-24,734.4,0.3,0.0,0
2018-05-25,742.1,0.1,0.0,0
2018-05-26,723.4,0.0,0.0,0
2018-05-27,389.0,0.0,0.0,1
2018-05-28,708.8,0.0,0.0,0
2018-05-29,694.7,0.0,0.0,0
2018-05-30,744.6,1.4,0.0,0
2018-05-31,608.1,0.0,0.0,0
2018-06-01,668.6,0.0,0.0,0
2018-06-02,759.4,0.6,0.0,0
2018-06-03,390.2,0.0,0.0,1
2018-06-04,781.5,0.1,0.0,0
2018-06-05,693.3,0.2,0.0,0
2018-06-06,781.5,1.8,0.0,0
2018-06-07,718.8,0.1,0.0,0
2018-06-08,782.6,9.3,0.0,0
2018-06-09,740.0,30.1,0.0,0
2018-06-10,335.9,12.9,0.0,1
2018-06-11,541.5,28.1,0.0,0
2018-06-12,631.7,9.0,0.0,0
2018-06-13,599.8,0.5,0.0,0
2018-06-14,525.9,0.0,0.0,0
2018-06-15,606.7,0.0,0.0,0
2018-06-16,680.9,0.0,0.0,0
2018-06-17,371.3,0.0,0.0,1
2018-06-18,775.5,0.6,0.0,0
2018-06-19,786.9,1.9,0.0,0
2018-06-20,713.9,10.1,0.0,0
2018-06-21,673.4,5.2,0.0,0
2018-06-22,464.6,6.9,8.0,0
2018-06-23,460.3,0.3,8.0,0
2018-06-24,226.1,1.1,8.0,1
2018-06-25,464.5,1.3,8.0,0
2018-06-26,692.8,6.1,0.0,0
2018-06-27,648.0,25.8,0.0,0
2018-06-28,572.8,32.3,0.0,0
2018-06-29,575.9,3.1,0.0,0
2018-06-30,589.2,9.6,0.0,0
2018-07-01,295.0,20.7,0.0,1
2018-07-02,565.1,4.2,0.0,0
2018-07-03,553.4,3.2,0.0,0
2018-07-04,541.2,18.6,0.0,0
2018-07-05,582.9,47.9,0.0,0
2018-07-06,524.9,38.9,0.0,0
2018-07-07,499.2,18.8,0.0,0
2018-07-08,257.1,44.0,0.0,1
2018-07-09,383.7,57.9,0.0,0
2018-07-10,399.3,15.1,0.0,0
2018-07-11,398.8,13.0,0.0,0
2018-07-12,421.8,12.6,0.0,0
2018-07-13,462.6,9.5,0.0,0
2018-07-14,432.3,11.3,0.0,0
2018-07-15,257.2,13.9,0.0,1
2018-07-16,617.9,21.9,0.0,0
2018-07-17,545.9,25.8,0.0,0
2018-07-18,618.6,3.6,0.0,0
2018-07-19,534.3,8.8,0.0,0
2018-07-20,586.6,5.4,0.0,0
2018-07-21,576.6,5.5,0.0,0
2018-07-22,332.8,19.5,0.0,1
2018-07-23,510.0,71.3,0.0,0
2018-07-24,518.1,1.9,0.0,0
2018-07-25,495.3,13.8,0.0,0
2018-07-26,496.8,10.1,0.0,0
2018-07-27,502.6,1.8,0.0,0
2018-07-28,564.2,8.5,0.0,0
2018-07-29,314.2,1.8,0.0,1
2018-07-30,641.6,3.1,0.0,0
2018-07-31,700.8,2.4,0.0,0
2018-08-01,630.5,4.7,0.0,0
2018-08-02,709.8,1.7,0.0,0
2018-08-03,678.1,0.8,0.0,0
2018-08-04,675.0,0.9,0.0,0
2018-08-05,361.4,4.7,0.0,1
2018-08-06,732.9,5.1,0.0,0
2018-08-07,659.2,9.3,0.0,0
2018-08-08,383.2,222.2,0.0,0
2018-08-09,436.8,14.8,0.0,0
2018-08-10,428.0,13.0,0.0,0
2018-08-11,408.6,7.6,0.0,0
2018-08-12,214.4,20.6,0.0,1
2018-08-13,413.1,1.5,0.0,0
2018-08-14,377.9,9.8,0.0,0
2018-08-15,596.9,13.7,0.0,0
2018-08-16,572.9,14.5,0.0,0
2018-08-17,626.2,2.9,0.0,0
2018-08-18,593.7,9.8,0.0,0
2018-08-19,327.9,22.3,0.0,1
2018-08-20,599.3,6.6,0.0,0
2018-08-21,590.6,9.3,0.0,0
2018-08-22,613.6,3.3,0.0,0
2018-08-23,567.0,7.1,0.0,0
2018-08-24,651.2,6.4,0.0,0
2018-08-25,628.5,5.9,0.0,0
2018-08-26,375.3,13.1,0.0,1
2018-08-27,562.0,12.3,0.0,0
2018-08-28,521.9,28.8,0.0,0
2018-08-29,506.9,21.1,0.0,0
2018-08-30,554.5,3.8,0.0,0
2018-08-31,570.6,19.5,0.0,0
2018-09-01,549.7,9.1,0.0,0
2018-09-02,312.5,10.4,0.0,1
2018-09-03,542.0,3.1,0.0,0
2018-09-04,544.0,3.5,0.0,0
2018-09-05,599.8,22.0,0.0,0
2018-09-06,552.1,7.3,0.0,0
2018-09-07,590.3,39.1,0.0,0
2018-09-08,540.0,1.2,0.0,0
2018-09-09,356.2,0.3,0.0,1
2018-09-10,558.6,0.3,0.0,0
2018-09-11,589.2,0.1,0.0,0
2018-09-12,644.0,0.1,0.0,0
2018-09-13,614.4,0.1,0.0,0
2018-09-14,757.1,0.8,0.0,0
2018-09-15,691.3,0.4,0.0,0
2018-09-16,422.9,1.3,0.0,1
2018-09-17,673.0,0.0,0.0,0
2018-09-18,675.0,0.0,0.0,0
2018-09-19,786.6,0.0,0.0,0
2018-09-20,790.5,0.1,0.0,0
2018-09-21,677.9,23.9,0.0,0
2018-09-22,699.2,5.3,0.0,0
2018-09-23,378.4,0.5,0.0,1
2018-09-24,657.6,1.9,0.0,0
2018-09-25,670.8,0.1,0.0,0
2018-09-26,607.0,0.3,0.0,0
2018-09-27,647.5,0.0,0.0,0
2018-09-28,692.4,0.0,0.0,0
2018-09-29,834.5,0.0,0.0,0
2018-09-30,386.4,0.0,0.0,1
2018-10-01,797.3,0.0,0.0,0
2018-10-02,762.7,0.0,0.0,0
2018-10-03,754.2,0.0,0.0,0
2018-10-04,681.8,0.0,0.0,0
2018-10-05,728.6,0.0,0.0,0
2018-10-06,705.3,0.0,0.0,0
2018-10-07,380.8,0.0,0.0,1
2018-10-08,716.9,0.1,0.0,0
2018-10-09,727.5,0.0,0.0,0
2018-10-10,801.6,0.0,0.0,0
2018-10-11,705.5,0.0,0.0,0
2018-10-12,704.3,0.2,0.0,0
2018-10-13,785.9,0.2,0.0,0
2018-10-14,378.4,0.0,0.0,1
2018-10-15,781.1,0.0,0.0,0
2018-10-16,670.5,0.0,0.0,0
2018-10-17,699.7,0.0,0.0,0
2018-10-18,770.5,0.0,0.0,0
2018-10-19,737.5,0.0,0.0,0
2018-10-20,703.9,0.0,0.0,0
2018-10-21,435.1,0.0,0.0,1
2018-10-22,711.2,0.0,0.0,0
2018-10-23,715.0,0.0,0.0,0
2018-10-24,805.0,0.0,0.0,0
2018-10-25,701.6,0.0,0.0,0
2018-10-26,724.3,0.0,0.0,0
2018-10-27,693.8,0.0,0.0,0
2018-10-28,405.0,0.0,0.0,1
2018-10-29,798.8,0.0,0.0,0
2018-10-30,513.0,0.0,8.0,0
2018-10-31,465.5,0.2,8.0,0
2018-11-01,476.6,0.4,8.0,0
2018-11-02,420.4,0.0,8.0,0
2018-11-03,557.3,0.0,8.0,0
2018-11-04,252.5,0.0,8.0,1
2018-11-05,628.6,0.0,0.0,0
2018-11-06,736.2,0.0,0.0,0
2018-11-07,665.3,0.0,0.0,0
2018-11-08,702.7,0.0,0.0,0
2018-11-09,733.8,0.0,0.0,0
2018-11-10,767.5,0.0,0.0,0
2018-11-11,394.7,0.0,0.0,1
2018-11-12,775.4,0.0,0.0,0
2018-11-13,775.1,0.0,0.0,0
2018-11-14,793.3,0.0,0.0,0
2018-11-15,775.0,0.0,0.0,0
2018-11-16,756.9,0.0,0.0,0
2018-11-17,755.6,0.0,0.0,0
2018-11-18,414.3,0.0,0.0,1
2018-11-19,726.0,0.0,0.0,0
2018-11-20,689.8,0.0,0.0,0
2018-11-21,777.6,0.0,0.0,0
2018-11-22,742.3,0.0,0.0,0
2018-11-23,706.8,0.0,0.0,0
2018-11-24,674.2,0.0,0.0,0
2018-11-25,249.8,0.0,8.0,1
2018-11-26,718.4,0.0,0.0,0
2018-11-27,739.2,0.0,0.0,0
2018-11-28,728.1,0.0,0.0,0
2018-11-29,743.2,0.0,0.0,0
2018-11-30,722.0,0.0,0.0,0
2018-12-01,716.7,0.0,0.0,0
2018-12-02,388.9,0.0,0.0,1
2018-12-03,696.7,0.0,0.0,0
2018-12-04,665.3,0.0,0.0,0
2018-12-05,782.0,0.0,0.0,0
2018-12-06,704.5,0.0,0.0,0
2018-12-07,746.0,0.0,0.0,0
2018-12-08,765.7,0.0,0.0,0
2018-12-09,407.4,0.0,0.0,1
2018-12-10,725.7,3.2,0.0,0
2018-12-11,734.2,0.2,0.0,0
2018-12-12,685.2,0.0,0.0,0
2018-12-13,696.3,0.0,0.0,0
2018-12-14,760.1,0.0,0.0,0
2018-12-15,753.0,0.0,0.0,0
2018-12-16,375.4,0.2,0.0,1
2018-12-17,684.1,22.5,0.0,0
2018-12-18,640.2,3.6,0.0,0
2018-12-19,703.5,0.0,0.0,0
2018-12-20,662.1,0.0,0.0,0
2018-12-21,681.0,0.0,0.0,0
2018-12-22,685.0,0.0,0.0,0
2018-12-23,386.9,0.0,0.0,1
2018-12-24,749.9,0.0,0.0,0
2018-12-25,770.3,0.0,0.0,0
2018-12-26,681.0,0.0,0.0,0
2018-12-27,745.5,0.0,0.0,0
2018-12-28,677.8,0.0,0.0,0
2018-12-29,817.5,0.0,0.0,0
2018-12-30,380.0,0.0,0.0,1
2018-12-31,750.4,0.0,0.0,0
2019-01-01,799.2,0.0,0.0,0
2019-01-02,816.7,0.0,0.0,0
2019-01-03,786.4,0.0,0.0,0
2019-01-04,702.2,0.0,0.0,0
2019-01-05,856.5,0.0,0.0,0
2019-01-06,395.7,0.0,0.0,1
2019-01-07,475.7,0.0,8.0,0
2019-01-08,541.7,0.0,8.0,0
2019-01-09,777.1,0.0,0.0,0
2019-01-10,744.7,0.0,0.0,0
2019-01-11,757.7,0.0,0.0,0
2019-01-12,771.4,0.0,0.0,0
2019-01-13,459.1,0.0,0.0,1
2019-01-14,806.6,0.0,0.0,0
2019-01-15,686.1,0.0,0.0,0
2019-01-16,709.6,0.0,0.0,0
2019-01-17,773.4,0.0,0.0,0
2019-01-18,819.2,0.0,0.0,0
2019-01-19,755.0,0.0,0.0,0
2019-01-20,401.6,0.0,0.0,1
2019-01-21,708.5,0.0,0.0,0
2019-01-22,707.6,0.0,0.0,0
2019-01-23,845.8,0.0,0.0,0
2019-01-24,697.6,5.9,0.0,0
2019-01-25,759.4,22.8,0.0,0
2019-01-26,717.7,3.9,0.0,0
2019-01-27,359.5,0.0,0.0,1
2019-01-28,681.9,0.0,0.0,0
2019-01-29,717.8,0.0,0.0,0
2019-01-30,698.5,0.0,0.0,0
2019-01-31,697.4,0.0,0.0,0
2019-02-01,752.6,0.0,0.0,0
2019-02-02,774.7,0.0,0.0,0
2019-02-03,434.8,0.0,0.0,1
2019-02-04,748.6,0.0,0.0,0
2019-02-05,806.2,0.0,0.0,0
2019-02-06,717.2,0.0,0.0,0
2019-02-07,721.2,0.5,0.0,0
2019-02-08,764.7,0.6,0.0,0
2019-02-09,748.0,0.0,0.0,0
2019-02-10,447.9,0.0,0.0,1
2019-02-11,796.5,0.0,0.0,0
2019-02-12,722.9,0.0,0.0,0
2019-02-13,746.5,0.0,0.0,0
2019-02-14,761.9,0.0,0.0,0
2019-02-15,801.2,3.1,0.0,0
2019-02-16,696.6,0.4,0.0,0
2019-02-17,400.0,0.0,0.0,1
2019-02-18,741.2,0.0,0.0,0
2019-02-19,731.6,0.0,0.0,0
2019-02-20,827.5,0.0,0.0,0
2019-02-21,779.5,0.0,0.0,0
2019-02-22,751.4,0.0,0.0,0
2019-02-23,707.5,0.0,0.0,0
2019-02-24,434.2,0.0,0.0,1
2019-02-25,469.4,0.0,8.0,0
2019-02-26,525.1,0.0,8.0,0
2019-02-27,492.1,0.0,8.0,0
2019-02-28,547.8,0.0,8.0,0
2019-03-01,556.5,0.0,8.0,0
2019-03-02,417.1,0.0,16.0,0
2019-03-03,211.1,1.2,16.0,1
2019-03-04,406.1,0.0,16.0,0
2019-03-05,820.2,0.0,0.0,0
2019-03-06,768.1,0.0,0.0,0
2019-03-07,712.4,0.0,0.0,0
2019-03-08,817.8,0.0,0.0,0
2019-03-09,834.4,0.0,0.0,0
2019-03-10,425.5,0.0,0.0,1
2019-03-11,731.5,0.0,0.0,0
2019-03-12,745.7,0.0,0.0,0
2019-03-13,809.1,0.0,0.0,0
2019-03-14,714.5,0.1,0.0,0
2019-03-15,705.9,1.1,0.0,0
2019-03-16,767.8,0.1,0.0,0
2019-03-17,463.1,0.7,0.0,1
2019-03-18,741.0,1.7,0.0,0
2019-03-19,757.5,0.0,0.0,0
2019-03-20,702.3,23.7,0.0,0
2019-03-21,752.6,0.0,0.0,0
2019-03-22,665.0,0.1,0.0,0
2019-03-23,717.9,0.0,0.0,0
2019-03-24,358.4,0.0,0.0,1
2019-03-25,732.7,0.0,0.0,0
2019-03-26,692.2,0.0,0.0,0
2019-03-27,735.1,0.0,0.0,0
2019-03-28,811.7,0.0,0.0,0
2019-03-29,771.8,0.0,0.0,0
2019-03-30,822.2,0.0,0.0,0
2019-03-31,419.7,0.0,0.0,1
2019-04-01,698.9,0.0,0.0,0
2019-04-02,716.2,0.0,0.0,0
2019-04-03,816.5,0.0,0.0,0
2019-04-04,737.4,0.0,0.0,0
2019-04-05,704.6,0.0,0.0,0
2019-04-06,797.7,0.0,0.0,0
2019-04-07,403.7,0.0,0.0,1
2019-04-08,816.0,0.0,0.0,0
2019-04-09,688.8,0.0,0.0,0
2019-04-10,629.1,0.0,0.0,0
2019-04-11,778.4,0.0,0.0,0
2019-04-12,744.2,0.0,0.0,0
2019-04-13,676.0,0.0,0.0,0
2019-04-14,423.5,0.0,0.0,1
2019-04-15,789.3,0.0,0.0,0
2019-04-16,724.4,0.2,0.0,0
2019-04-17,867.2,0.0,0.0,0
2019-04-18,755.8,0.2,0.0,0
2019-04-19,729.7,0.2,0.0,0
2019-04-20,710.6,0.0,0.0,0
2019-04-21,406.9,0.3,0.0,1
2019-04-22,720.7,0.0,0.0,0
2019-04-23,707.4,0.0,0.0,0
2019-04-24,765.1,0.0,0.0,0
2019-04-25,745.8,0.0,0.0,0
2019-04-26,684.1,0.0,0.0,0
2019-04-27,718.8,0.0,0.0,0
2019-04-28,362.7,0.0,0.0,1
2019-04-29,719.5,0.0,0.0,0
2019-04-30,778.1,0.0,0.0,0
2019-05-01,668.7,0.0,0.0,0
2019-05-02,786.9,0.0,0.0,0
2019-05-03,715.0,0.0,0.0,0
2019-05-04,731.6,0.1,0.0,0
2019-05-05,403.1,0.0,0.0,1
2019-05-06,746.1,0.0,0.0,0
2019-05-07,649.0,0.0,0.0,0
2019-05-08,762.2,0.0,0.0,0
2019-05-09,625.1,0.0,0.0,0
2019-05-10,724.5,0.0,0.0,0
2019-05-11,712.1,0.0,0.0,0
2019-05-12,409.0,0.0,0.0,1
2019-05-13,789.2,0.0,0.0,0
2019-05-14,769.6,0.0,0.0,0
2019-05-15,702.1,0.0,0.0,0
2019-05-16,475.9,0.0,8.0,0
2019-05-17,485.0,0.0,8.0,0
2019-05-18,749.8,0.0,0.0,0
2019-05-19,400.5,0.0,0.0,1
2019-05-20,758.0,0.0,0.0,0
2019-05-21,724.0,0.0,0.0,0
2019-05-22,734.4,0.0,0.0,0
2019-05-23,747.3,0.0,0.0,0
2019-05-24,750.8,0.0,0.0,0
2019-05-25,765.5,0.0,0.0,0
2019-05-26,385.4,0.0,0.0,1
2019-05-27,768.3,0.0,0.0,0
2019-05-28,791.1,0.0,0.0,0
2019-05-29,722.6,0.0,0.0,0
2019-05-30,790.4,0.0,0.0,0
2019-05-31,693.4,0.0,0.0,0
2019-06-01,740.1,0.8,0.0,0
2019-06-02,390.9,0.0,0.0,1
2019-06-03,698.2,0.0,0.0,0
2019-06-04,760.5,0.0,0.0,0
2019-06-05,668.9,0.0,0.0,0
2019-06-06,693.1,0.0,0.0,0
2019-06-07,722.5,0.0,0.0,0
2019-06-08,725.6,0.0,0.0,0
2019-06-09,407.2,0.0,0.0,1
2019-06-10,728.0,0.0,0.0,0
2019-06-11,749.3,0.0,0.0,0
2019-06-12,702.4,0.0,0.0,0
2019-06-13,752.8,0.6,0.0,0
2019-06-14,762.5,0.9,0.0,0
2019-06-15,780.2,5.3,0.0,0
2019-06-16,374.9,3.8,0.0,1
2019-06-17,672.5,4.9,0.0,0
2019-06-18,685.5,0.1,0.0,0
2019-06-19,667.6,0.0,0.0,0
2019-06-20,655.8,0.1,0.0,0
2019-06-21,707.2,0.0,0.0,0
2019-06-22,794.0,0.8,0.0,0
2019-06-23,370.6,19.2,0.0,1
2019-06-24,701.6,4.4,0.0,0
2019-06-25,637.6,0.2,0.0,0
2019-06-26,609.0,10.8,0.0,0
2019-06-27,619.5,11.4,0.0,0
2019-06-28,560.9,24.7,0.0,0
2019-06-29,576.2,16.5,0.0,0
2019-06-30,288.3,37.8,0.0,1
2019-07-01,536.2,20.1,0.0,0
2019-07-02,422.1,63.3,0.0,0
2019-07-03,394.1,28.9,0.0,0
2019-07-04,419.7,14.0,0.0,0
2019-07-05,388.3,26.5,0.0,0
2019-07-06,417.1,19.1,0.0,0
2019-07-07,224.6,16.3,0.0,1
2019-07-08,250.5,21.5,8.0,0
2019-07-09,468.9,12.6,0.0,0
2019-07-10,512.6,1.6,0.0,0
2019-07-11,539.0,2.8,0.0,0
2019-07-12,582.2,0.9,0.0,0
2019-07-13,605.2,1.0,0.0,0
2019-07-14,352.0,1.0,0.0,1
2019-07-15,694.4,0.4,0.0,0
2019-07-16,697.1,0.0,0.0,0
2019-07-17,786.4,0.0,0.0,0
2019-07-18,721.3,2.3,0.0,0
2019-07-19,665.1,23.2,0.0,0
2019-07-20,733.6,5.2,0.0,0
2019-07-21,370.2,7.9,0.0,1
2019-07-22,683.0,4.2,0.0,0
2019-07-23,716.7,0.1,0.0,0
2019-07-24,652.1,3.8,0.0,0
2019-07-25,623.7,34.8,0.0,0
2019-07-26,579.7,30.1,0.0,0
2019-07-27,605.9,26.3,0.0,0
2019-07-28,306.1,11.4,0.0,1
2019-07-29,490.6,43.8,0.0,0
2019-07-30,415.0,28.0,0.0,0
2019-07-31,375.4,36.6,0.0,0
2019-08-01,419.6,21.4,0.0,0
2019-08-02,413.7,20.6,0.0,0
2019-08-03,397.7,43.4,0.0,0
2019-08-04,216.0,13.0,0.0,1
2019-08-05,384.1,25.7,0.0,0
2019-08-06,446.1,7.5,0.0,0
2019-08-07,465.3,20.3,0.0,0
2019-08-08,409.3,83.6,0.0,0
2019-08-09,437.6,18.0,0.0,0
2019-08-10,447.5,6.3,0.0,0
2019-08-11,170.1,1.2,8.0,1
2019-08-12,487.9,5.6,0.0,0
2019-08-13,491.8,19.3,0.0,0
2019-08-14,422.9,65.4,0.0,0
2019-08-15,509.7,8.0,0.0,0
2019-08-16,574.6,1.2,0.0,0
2019-08-17,540.7,0.7,0.0,0
2019-08-18,277.6,4.2,0.0,1
2019-08-19,477.0,7.8,0.0,0
2019-08-20,518.0,7.5,0.0,0
2019-08-21,636.9,7.9,0.0,0
2019-08-22,749.7,18.6,0.0,0
2019-08-23,608.3,11.4,0.0,0
2019-08-24,598.8,9.6,0.0,0
2019-08-25,322.2,10.8,0.0,1
2019-08-26,591.3,28.4,0.0,0
2019-08-27,564.7,20.6,0.0,0
2019-08-28,566.2,5.9,0.0,0
2019-08-29,577.3,3.7,0.0,0
2019-08-30,622.9,18.2,0.0,0
2019-08-31,578.2,7.7,0.0,0
2019-09-01,291.5,8.3,0.0,1
2019-09-02,524.5,14.5,0.0,0
2019-09-03,637.9,17.6,0.0,0
2019-09-04,473.5,42.4,0.0,0
2019-09-05,531.7,10.1,0.0,0
2019-09-06,523.1,28.7,0.0,0
2019-09-07,495.3,21.9,0.0,0
2019-09-08,231.5,80.5,0.0,1
2019-09-09,407.0,15.4,0.0,0
2019-09-10,411.7,11.0,0.0,0
2019-09-11,323.2,38.3,0.0,0
2019-09-12,387.8,56.3,0.0,0
2019-09-13,380.1,30.2,0.0,0
2019-09-14,451.9,3.3,0.0,0
2019-09-15,259.9,1.9,0.0,1
2019-09-16,452.0,12.7,0.0,0
2019-09-17,445.8,14.2,0.0,0
2019-09-18,521.7,5.4,0.0,0
2019-09-19,617.7,3.9,0.0,0
2019-09-20,655.5,6.7,0.0,0
2019-09-21,588.0,7.2,0.0,0
2019-09-22,347.4,0.9,0.0,1
2019-09-23,658.9,6.3,0.0,0
2019-09-24,628.9,4.5,0.0,0
2019-09-25,581.5,36.2,0.0,0
2019-09-26,515.6,22.2,0.0,0
2019-09-27,377.8,16.9,8.0,0
2019-09-28,313.9,22.2,8.0,0
2019-09-29,196.0,17.7,8.0,1
2019-09-30,556.9,8.7,0.0,0
2019-10-01,481.0,4.0,0.0,0
2019-10-02,570.9,2.0,0.0,0
2019-10-03,574.7,0.6,0.0,0
2019-10-04,414.1,0.3,8.0,0
2019-10-05,424.7,0.3,8.0,0
2019-10-06,391.9,1.1,0.0,1
2019-10-07,719.7,7.9,0.0,0
2019-10-08,719.7,0.0,0.0,0
2019-10-09,641.1,0.8,0.0,0
2019-10-10,728.0,0.0,0.0,0
2019-10-11,760.5,0.0,0.0,0
2019-10-12,652.5,0.0,0.0,0
2019-10-13,384.4,0.0,0.0,1
2019-10-14,755.9,0.0,0.0,0
2019-10-15,770.5,0.0,0.0,0
2019-10-16,728.4,0.1,0.0,0
2019-10-17,760.3,0.0,0.0,0
2019-10-18,679.2,5.1,0.0,0
2019-10-19,731.4,0.9,0.0,0
2019-10-20,401.6,4.1,0.0,1
2019-10-21,671.4,8.7,0.0,0
2019-10-22,697.5,3.6,0.0,0
2019-10-23,691.7,0.5,0.0,0
2019-10-24,715.9,1.8,0.0,0
2019-10-25,715.2,0.5,0.0,0
2019-10-26,674.4,3.6,0.0,0
2019-10-27,366.6,4.9,0.0,1
2019-10-28,690.4,0.1,0.0,0
2019-10-29,784.6,0.7,0.0,0
2019-10-30,729.7,0.8,0.0,0
2019-10-31,705.9,0.0,0.0,0
2019-11-01,724.5,0.2,0.0,0
2019-11-02,754.4,0.0,0.0,0
2019-11-03,421.9,0.1,0.0,1
2019-11-04,794.0,0.0,0.0,0
2019-11-05,734.3,0.0,0.0,0
2019-11-06,701.7,0.0,0.0,0
2019-11-07,666.0,0.0,0.0,0
2019-11-08,772.7,0.0,0.0,0
2019-11-09,682.2,0.0,0.0,0
2019-11-10,436.6,0.0,0.0,1
2019-11-11,553.1,0.0,8.0,0
2019-11-12,479.4,0.0,8.0,0
2019-11-13,450.5,0.0,8.0,0
2019-11-14,527.7,0.0,8.0,0
2019-11-15,497.2,0.0,8.0,0
2019-11-16,330.9,0.0,16.0,0
2019-11-17,266.0,0.0,8.0,1
2019-11-18,473.7,0.0,8.0,0
2019-11-19,476.9,0.0,8.0,0
2019-11-20,820.0,0.0,0.0,0
2019-11-21,709.2,0.0,0.0,0
2019-11-22,724.5,0.0,0.0,0
2019-11-23,728.0,0.0,0.0,0
2019-11-24,412.4,0.0,0.0,1
2019-11-25,704.4,0.0,0.0,0
2019-11-26,693.9,0.0,0.0,0
2019-11-27,645.2,0.0,0.0,0
2019-11-28,791.2,0.0,0.0,0
2019-11-29,701.6,0.0,0.0,0
2019-11-30,768.0,0.0,0.0,0
2019-12-01,382.7,0.0,0.0,1
2019-12-02,680.7,0.0,0.0,0
2019-12-03,774.8,0.0,0.0,0
2019-12-04,730.0,0.0,0.0,0
2019-12-05,788.7,0.0,0.0,0
2019-12-06,743.3,0.0,0.0,0
2019-12-07,754.4,0.0,0.0,0
2019-12-08,408.5,0.0,0.0,1
2019-12-09,707.6,0.0,0.0,0
2019-12-10,727.7,0.0,0.0,0
2019-12-11,718.9,0.0,0.0,0
2019-12-12,797.3,0.0,0.0,0
2019-12-13,793.2,0.6,0.0,0
2019-12-14,763.2,1.2,0.0,0
2019-12-15,382.2,4.6,0.0,1
2019-12-16,736.5,1.1,0.0,0
2019-12-17,746.6,0.0,0.0,0
2019-12-18,696.5,0.0,0.0,0
2019-12-19,734.3,0.0,0.0,0
2019-12-20,711.6,0.0,0.0,0
2019-12-21,720.3,0.0,0.0,0
2019-12-22,393.3,0.0,0.0,1
2019-12-23,716.7,0.0,0.0,0
2019-12-24,800.1,0.0,0.0,0
2019-12-25,720.2,0.1,0.0,0
2019-12-26,740.0,5.1,0.0,0
2019-12-27,453.3,0.0,8.0,0
2019-12-28,460.9,0.0,8.0,0
2019-12-29,406.7,0.0,0.0,1
2019-12-30,720.5,0.0,0.0,0
2019-12-31,752.7,9.0,0.0,0
2020-01-01,746.7,6.6,0.0,0
2020-01-02,755.6,9.9,0.0,0
2020-01-03,713.1,0.8,0.0,0
2020-01-04,784.0,2.7,0.0,0
2020-01-05,372.0,0.0,0.0,1
2020-01-06,788.9,0.0,0.0,0
2020-01-07,736.8,0.0,0.0,0
2020-01-08,693.3,10.4,0.0,0
2020-01-09,726.2,1.7,0.0,0
2020-01-10,779.1,0.0,0.0,0
2020-01-11,795.8,0.0,0.0,0
2020-01-12,434.0,0.0,0.0,1
2020-01-13,734.2,0.0,0.0,0
2020-01-14,761.7,0.0,0.0,0
2020-01-15,790.4,0.0,0.0,0
2020-01-16,793.9,0.0,0.0,0
2020-01-17,720.3,0.2,0.0,0
2020-01-18,768.6,3.0,0.0,0
2020-01-19,433.5,0.0,0.0,1
2020-01-20,516.8,0.0,8.0,0
2020-01-21,501.3,0.0,8.0,0
2020-01-22,465.3,0.0,8.0,0
2020-01-23,744.0,1.8,0.0,0
2020-01-24,758.7,0.0,0.0,0
2020-01-25,756.0,0.0,0.0,0
2020-01-26,403.1,0.0,0.0,1
2020-01-27,665.3,0.0,0.0,0
2020-01-28,727.4,0.3,0.0,0
2020-01-29,826.5,0.1,0.0,0
2020-01-30,811.8,0.0,0.0,0
2020-01-31,737.2,0.0,0.0,0
2020-02-01,809.1,0.0,0.0,0
2020-02-02,391.9,0.0,0.0,1
2020-02-03,899.9,0.0,0.0,0
2020-02-04,753.5,7.2,0.0,0
2020-02-05,872.2,0.2,0.0,0
2020-02-06,762.2,0.0,0.0,0
2020-02-07,739.1,5.3,0.0,0
2020-02-08,706.8,0.0,0.0,0
2020-02-09,434.7,0.0,0.0,1
2020-02-10,724.8,0.0,0.0,0
2020-02-11,704.3,0.0,0.0,0
2020-02-12,680.8,0.0,0.0,0
2020-02-13,806.2,0.0,0.0,0
2020-02-14,802.2,0.0,0.0,0
2020-02-15,814.1,0.0,0.0,0
2020-02-16,430.6,0.0,0.0,1
2020-02-17,784.2,0.0,0.0,0
2020-02-18,752.4,0.0,0.0,0
2020-02-19,745.1,0.0,0.0,0
2020-02-20,746.5,0.0,0.0,0
2020-02-21,802.5,0.3,0.0,0
2020-02-22,782.8,0.3,0.0,0
2020-02-23,445.9,0.3,0.0,1
2020-02-24,780.9,13.4,0.0,0
2020-02-25,775.0,0.0,0.0,0
2020-02-26,802.2,0.0,0.0,0
2020-02-27,750.4,0.0,0.0,0
2020-02-28,732.5,0.0,0.0,0
2020-02-29,831.3,0.0,0.0,0
2020-03-01,430.2,0.0,0.0,1
2020-03-02,727.7,0.0,0.0,0
2020-03-03,745.2,0.1,0.0,0
2020-03-04,805.1,0.0,0.0,0
2020-03-05,734.6,0.0,0.0,0
2020-03-06,751.9,2.9,0.0,0
2020-03-07,826.1,4.1,0.0,0
2020-03-08,470.6,0.0,0.0,1
2020-03-09,732.7,0.0,0.0,0
2020-03-10,750.3,1.7,0.0,0
2020-03-11,798.8,4.1,0.0,0
2020-03-12,691.6,3.0,0.0,0
2020-03-13,757.7,5.7,0.0,0
2020-03-14,751.1,5.2,0.0,0
2020-03-15,370.5,0.0,0.0,1
2020-03-16,732.7,0.0,0.0,0
2020-03-17,674.5,0.0,0.0,0
2020-03-18,779.6,1.5,0.0,0
2020-03-19,703.7,17.9,0.0,0
2020-03-20,731.7,0.0,0.0,0
2020-03-21,653.4,1.2,0.0,0
2020-03-22,416.1,0.0,0.0,1
2020-03-23,701.9,0.0,0.0,0
2020-03-24,754.3,0.0,0.0,0
2020-03-25,792.7,0.0,0.0,0
2020-03-26,820.0,0.0,0.0,0
2020-03-27,767.7,0.0,0.0,0
2020-03-28,840.9,0.0,0.0,0
2020-03-29,360.7,0.9,0.0,1
2020-03-30,760.1,0.0,0.0,0
2020-03-31,733.6,0.0,0.0,0
2020-04-01,750.0,0.0,0.0,0
2020-04-02,727.2,0.0,0.0,0
2020-04-03,730.5,0.0,0.0,0
2020-04-04,645.9,5.8,0.0,0
2020-04-05,382.0,0.0,0.0,1
2020-04-06,699.4,0.1,0.0,0
2020-04-07,736.5,0.0,0.0,0
2020-04-08,710.3,0.0,0.0,0
2020-04-09,762.0,0.3,0.0,0
2020-04-10,702.3,0.1,0.0,0
2020-04-11,675.4,0.0,0.0,0
2020-04-12,390.9,0.0,0.0,1
2020-04-13,781.7,0.0,0.0,0
2020-04-14,735.1,0.0,0.0,0
2020-04-15,732.3,0.0,0.0,0
2020-04-16,762.6,0.0,0.0,0
2020-04-17,735.4,0.0,0.0,0
2020-04-18,760.2,0.0,0.0,0
2020-04-19,406.1,0.0,0.0,1
2020-04-20,694.1,0.0,0.0,0
2020-04-21,799.6,0.0,0.0,0
2020-04-22,764.7,0.0,0.0,0
2020-04-23,706.7,0.0,0.0,0
2020-04-24,734.0,0.0,0.0,0
2020-04-25,664.6,0.0,0.0,0
2020-04-26,412.5,0.0,0.0,1
2020-04-27,658.7,0.1,0.0,0
2020-04-28,788.6,0.0,0.0,0
2020-04-29,803.0,0.0,0.0,0
2020-04-30,522.8,0.0,8.0,0
2020-05-01,498.9,0.0,8.0,0
2020-05-02,475.5,0.0,8.0,0
2020-05-03,426.9,0.0,0.0,1
2020-05-04,723.2,0.0,0.0,0
2020-05-05,698.9,0.0,0.0,0
2020-05-06,708.6,0.0,0.0,0
2020-05-07,745.7,0.0,0.0,0
2020-05-08,806.2,0.0,0.0,0
2020-05-09,721.2,0.0,0.0,0
2020-05-10,411.2,0.0,0.0,1
2020-05-11,819.6,0.0,0.0,0
2020-05-12,703.9,0.2,0.0,0
2020-05-13,772.3,0.0,0.0,0
2020-05-14,689.4,0.0,0.0,0
2020-05-15,723.9,0.0,0.0,0
2020-05-16,745.8,0.0,0.0,0
2020-05-17,373.6,0.0,0.0,1
2020-05-18,781.4,0.4,0.0,0
2020-05-19,830.8,0.0,0.0,0
2020-05-20,783.9,0.0,0.0,0
2020-05-21,464.6,0.0,8.0,0
2020-05-22,464.8,0.0,8.0,0
2020-05-23,831.8,0.0,0.0,0
2020-05-24,395.3,0.0,0.0,1
2020-05-25,728.9,0.0,0.0,0
2020-05-26,692.7,0.0,0.0,0
2020-05-27,770.7,0.0,0.0,0
2020-05-28,740.4,0.0,0.0,0
2020-05-29,736.7,0.0,0.0,0
2020-05-30,708.6,0.0,0.0,0
2020-05-31,410.1,0.1,0.0,1
2020-06-01,686.3,0.0,0.0,0
2020-06-02,727.2,19.3,0.0,0
2020-06-03,758.9,6.6,0.0,0
2020-06-04,669.3,6.3,0.0,0
2020-06-05,670.1,0.7,0.0,0
2020-06-06,687.0,0.3,0.0,0
2020-06-07,419.5,0.8,0.0,1
2020-06-08,693.3,0.2,0.0,0
2020-06-09,702.0,0.6,0.0,0
2020-06-10,734.5,0.3,0.0,0
2020-06-11,754.4,0.8,0.0,0
2020-06-12,723.3,23.4,0.0,0
2020-06-13,699.0,8.6,0.0,0
2020-06-14,389.0,2.9,0.0,1
2020-06-15,649.5,20.8,0.0,0
2020-06-16,627.4,11.8,0.0,0
2020-06-17,642.7,27.2,0.0,0
2020-06-18,564.6,4.4,0.0,0
2020-06-19,619.8,0.4,0.0,0
2020-06-20,583.1,3.3,0.0,0
2020-06-21,323.8,9.6,0.0,1
2020-06-22,523.6,51.6,0.0,0
2020-06-23,413.8,93.7,0.0,0
2020-06-24,442.9,3.0,0.0,0
2020-06-25,464.9,6.5,0.0,0
2020-06-26,404.6,8.1,0.0,0
2020-06-27,437.4,19.4,0.0,0
2020-06-28,208.8,7.7,0.0,1
2020-06-29,413.2,6.0,0.0,0
2020-06-30,636.1,7.1,0.0,0
2020-07-01,678.9,1.4,0.0,0
2020-07-02,654.3,7.6,0.0,0
2020-07-03,568.7,22.1,0.0,0
2020-07-04,581.5,23.2,0.0,0
2020-07-05,211.0,13.8,8.0,1
2020-07-06,353.5,22.6,8.0,0
2020-07-07,370.5,3.0,8.0,0
2020-07-08,552.8,0.6,0.0,0
2020-07-09,566.8,17.2,0.0,0
2020-07-10,576.0,18.6,0.0,0
2020-07-11,607.2,2.6,0.0,0
2020-07-12,338.0,4.5,0.0,1
2020-07-13,646.2,8.3,0.0,0
2020-07-14,619.0,10.5,0.0,0
2020-07-15,584.2,28.9,0.0,0
2020-07-16,559.9,3.5,0.0,0
2020-07-17,678.7,4.5,0.0,0
2020-07-18,617.2,2.2,0.0,0
2020-07-19,337.0,23.8,0.0,1
2020-07-20,595.1,20.7,0.0,0
2020-07-21,554.3,16.0,0.0,0
2020-07-22,578.6,17.4,0.0,0
2020-07-23,517.8,18.7,0.0,0
2020-07-24,553.6,0.5,0.0,0
2020-07-25,348.7,14.3,8.0,0
2020-07-26,210.8,0.7,8.0,1
2020-07-27,571.4,2.8,0.0,0
2020-07-28,535.1,6.7,0.0,0
2020-07-29,714.1,2.4,0.0,0
2020-07-30,699.6,2.0,0.0,0
2020-07-31,663.8,1.5,0.0,0
2020-08-01,655.9,9.2,0.0,0
2020-08-02,400.5,10.5,0.0,1
2020-08-03,694.2,28.6,0.0,0
2020-08-04,625.3,32.5,0.0,0
2020-08-05,618.4,9.6,0.0,0
2020-08-06,552.1,15.9,0.0,0
2020-08-07,522.5,7.4,0.0,0
2020-08-08,408.7,50.9,0.0,0
2020-08-09,139.4,41.9,8.0,1
2020-08-10,273.6,14.9,8.0,0
2020-08-11,471.2,11.8,0.0,0
2020-08-12,429.8,21.0,0.0,0
2020-08-13,377.1,27.1,0.0,0
2020-08-14,431.8,7.3,0.0,0
2020-08-15,497.5,4.9,0.0,0
2020-08-16,275.2,64.4,0.0,1
2020-08-17,381.7,47.8,0.0,0
2020-08-18,438.1,19.5,0.0,0
2020-08-19,430.2,10.3,0.0,0
2020-08-20,428.8,20.9,0.0,0
2020-08-21,425.6,25.0,0.0,0
2020-08-22,383.6,3.1,0.0,0
2020-08-23,275.3,2.7,0.0,1
2020-08-24,564.6,2.4,0.0,0
2020-08-25,709.3,0.6,0.0,0
2020-08-26,648.3,6.9,0.0,0
2020-08-27,592.0,52.8,0.0,0
2020-08-28,390.3,141.3,0.0,0
2020-08-29,386.3,30.7,0.0,0
2020-08-30,244.3,3.4,0.0,1
2020-08-31,395.7,0.9,0.0,0
2020-09-01,396.3,0.3,0.0,0
2020-09-02,391.2,3.4,0.0,0
2020-09-03,390.1,2.8,0.0,0
2020-09-04,691.9,2.0,0.0,0
2020-09-05,450.4,5.8,8.0,0
2020-09-06,280.8,19.7,8.0,1
2020-09-07,697.6,4.7,0.0,0
2020-09-08,697.7,3.7,0.0,0
2020-09-09,646.2,10.0,0.0,0
2020-09-10,615.5,25.4,0.0,0
2020-09-11,586.5,6.7,0.0,0
2020-09-12,622.9,1.5,0.0,0
2020-09-13,387.2,3.7,0.0,1
2020-09-14,638.2,1.2,0.0,0
2020-09-15,714.8,5.1,0.0,0
2020-09-16,560.1,7.1,0.0,0
2020-09-17,702.1,2.2,0.0,0
2020-09-18,710.4,3.7,0.0,0
2020-09-19,414.7,12.8,8.0,0
2020-09-20,221.0,2.3,8.0,1
2020-09-21,423.8,21.5,8.0,0
2020-09-22,365.4,28.9,8.0,0
2020-09-23,388.5,20.7,8.0,0
2020-09-24,538.3,11.6,0.0,0
2020-09-25,482.0,1.0,0.0,0
2020-09-26,565.4,0.8,0.0,0
2020-09-27,309.6,0.3,0.0,1
2020-09-28,566.7,1.8,0.0,0
2020-09-29,671.2,8.0,0.0,0
2020-09-30,716.0,0.1,0.0,0
2020-10-01,782.3,0.0,0.0,0
2020-10-02,750.5,0.0,0.0,0
2020-10-03,792.9,0.0,0.0,0
2020-10-04,401.5,0.0,0.0,1
2020-10-05,726.5,2.1,0.0,0
2020-10-06,645.8,6.9,0.0,0
2020-10-07,706.8,16.7,0.0,0
2020-10-08,578.1,12.5,0.0,0
2020-10-09,596.5,3.2,0.0,0
2020-10-10,655.6,2.6,0.0,0
2020-10-11,361.9,8.6,0.0,1
2020-10-12,641.5,0.0,0.0,0
2020-10-13,662.7,0.1,0.0,0
2020-10-14,713.9,0.4,0.0,0
2020-10-15,716.6,9.0,0.0,0
2020-10-16,713.4,3.4,0.0,0
2020-10-17,630.6,1.7,0.0,0
2020-10-18,394.4,0.2,0.0,1
2020-10-19,784.7,0.1,0.0,0
2020-10-20,764.8,0.1,0.0,0
2020-10-21,695.1,0.0,0.0,0
2020-10-22,667.8,0.0,0.0,0
2020-10-23,755.5,0.0,0.0,0
2020-10-24,753.6,0.0,0.0,0
2020-10-25,422.5,0.0,0.0,1
2020-10-26,783.0,0.2,0.0,0
2020-10-27,768.2,0.0,0.0,0
2020-10-28,690.3,0.0,0.0,0
2020-10-29,756.9,0.0,0.0,0
2020-10-30,704.2,0.0,0.0,0
2020-10-31,647.6,0.0,0.0,0
2020-11-01,410.3,0.0,0.0,1
2020-11-02,754.5,0.0,0.0,0
2020-11-03,698.5,0.0,0.0,0
2020-11-04,698.1,0.0,0.0,0
2020-11-05,686.1,0.0,0.0,0
2020-11-06,726.3,0.0,0.0,0
2020-11-07,800.9,0.0,0.0,0
2020-11-08,405.4,0.0,0.0,1
2020-11-09,693.4,0.0,0.0,0
2020-11-10,777.9,0.0,0.0,0
2020-11-11,732.3,0.0,0.0,0
2020-11-12,750.9,0.3,0.0,0
2020-11-13,671.6,0.0,0.0,0
2020-11-14,800.9,0.0,0.0,0
2020-11-15,407.4,0.0,0.0,1
2020-11-16,680.8,0.0,0.0,0
2020-11-17,755.8,0.0,0.0,0
2020-11-18,760.1,0.0,0.0,0
2020-11-19,745.0,0.0,0.0,0
2020-11-20,676.3,1.3,0.0,0
2020-11-21,743.6,0.0,0.0,0
2020-11-22,429.2,0.0,0.0,1
2020-11-23,719.6,0.0,0.0,0
2020-11-24,797.0,0.0,0.0,0
2020-11-25,706.4,0.0,0.0,0
2020-11-26,727.8,2.8,0.0,0
2020-11-27,750.7,0.0,0.0,0
2020-11-28,697.3,0.0,0.0,0
2020-11-29,407.5,0.0,0.0,1
2020-11-30,683.2,0.0,0.0,0
2020-12-01,781.0,0.0,0.0,0
2020-12-02,692.9,0.0,0.0,0
2020-12-03,721.0,0.0,0.0,0
2020-12-04,732.7,0.0,0.0,0
2020-12-05,752.5,0.0,0.0,0
2020-12-06,433.4,0.0,0.0,1
2020-12-07,672.4,0.0,0.0,0
2020-12-08,697.7,0.0,0.0,0
2020-12-09,781.2,0.0,0.0,0
2020-12-10,706.9,0.0,0.0,0
2020-12-11,705.8,0.0,0.0,0
2020-12-12,662.3,0.0,0.0,0
2020-12-13,408.7,0.0,0.0,1
2020-12-14,750.1,0.2,0.0,0
2020-12-15,838.2,0.2,0.0,0
2020-12-16,731.4,0.0,0.0,0
2020-12-17,751.6,0.0,0.0,0
2020-12-18,764.6,0.0,0.0,0
2020-12-19,814.1,0.0,0.0,0
2020-12-20,391.5,0.0,0.0,1
2020-12-21,746.4,0.0,0.0,0
2020-12-22,709.8,0.0,0.0,0
2020-12-23,670.5,0.0,0.0,0
2020-12-24,840.1,0.0,0.0,0
2020-12-25,690.5,0.0,0.0,0
2020-12-26,703.4,0.0,0.0,0
2020-12-27,394.2,0.0,0.0,1
2020-12-28,791.1,0.0,0.0,0
2020-12-29,673.1,0.0,0.0,0
2020-12-30,808.0,0.0,0.0,0
2020-12-31,730.8,0.0,0.0,0
2021-01-01,630.9,0.0,0.0,0
2021-01-02,828.7,0.0,0.0,0
2021-01-03,434.3,0.0,0.0,1
2021-01-04,748.5,0.0,0.0,0
2021-01-05,840.0,0.0,0.0,0
2021-01-06,806.7,0.0,0.0,0
2021-01-07,846.0,0.0,0.0,0
2021-01-08,541.6,0.0,8.0,0
2021-01-09,515.7,0.0,8.0,0
2021-01-10,287.5,0.0,8.0,1
2021-01-11,573.5,0.0,8.0,0
2021-01-12,499.9,0.0,8.0,0
2021-01-13,693.7,0.0,0.0,0
2021-01-14,804.5,0.0,0.0,0
2021-01-15,701.2,0.0,0.0,0
2021-01-16,806.1,0.0,0.0,0
2021-01-17,387.7,0.0,0.0,1
2021-01-18,771.9,0.0,0.0,0
2021-01-19,765.9,0.0,0.0,0
2021-01-20,783.9,0.0,0.0,0
2021-01-21,747.3,0.0,0.0,0
2021-01-22,769.5,0.0,0.0,0
2021-01-23,744.2,0.0,0.0,0
2021-01-24,409.5,0.0,0.0,1
2021-01-25,466.6,0.0,8.0,0
2021-01-26,520.1,0.0,8.0,0
2021-01-27,739.0,0.0,0.0,0
2021-01-28,792.7,0.7,0.0,0
2021-01-29,703.6,4.6,0.0,0
2021-01-30,702.8,0.0,0.0,0
2021-01-31,439.3,0.0,0.0,1
2021-02-01,713.5,0.0,0.0,0
2021-02-02,712.4,0.0,0.0,0
2021-02-03,727.4,0.0,0.0,0
2021-02-04,726.4,0.0,0.0,0
2021-02-05,788.9,0.0,0.0,0
2021-02-06,785.1,0.0,0.0,0
2021-02-07,445.3,0.0,0.0,1
2021-02-08,854.6,0.0,0.0,0
2021-02-09,748.2,0.0,0.0,0
2021-02-10,789.7,0.0,0.0,0
2021-02-11,829.9,0.0,0.0,0
2021-02-12,816.1,0.0,0.0,0
2021-02-13,683.5,0.0,0.0,0
2021-02-14,437.9,0.0,0.0,1
2021-02-15,744.7,0.0,0.0,0
2021-02-16,819.9,0.0,0.0,0
2021-02-17,792.5,8.6,0.0,0
2021-02-18,703.8,0.1,0.0,0
2021-02-19,772.5,0.4,0.0,0
2021-02-20,768.0,0.1,0.0,0
2021-02-21,393.0,0.0,0.0,1
2021-02-22,767.9,0.0,0.0,0
2021-02-23,708.8,0.0,0.0,0
2021-02-24,803.4,0.0,0.0,0
2021-02-25,789.5,0.0,0.0,0
2021-02-26,739.9,0.0,0.0,0
2021-02-27,722.7,0.0,0.0,0
2021-02-28,458.1,0.0,0.0,1
2021-03-01,735.6,0.0,0.0,0
2021-03-02,766.0,0.0,0.0,0
2021-03-03,782.0,0.0,0.0,0
2021-03-04,775.9,0.0,0.0,0
2021-03-05,779.3,0.0,0.0,0
2021-03-06,761.2,0.0,0.0,0
2021-03-07,429.8,0.0,0.0,1
2021-03-08,730.4,0.0,0.0,0
2021-03-09,729.0,0.0,0.0,0
2021-03-10,695.3,0.0,0.0,0
2021-03-11,727.5,0.0,0.0,0
2021-03-12,709.3,0.0,0.0,0
2021-03-13,759.9,0.0,0.0,0
2021-03-14,431.7,0.0,0.0,1
2021-03-15,789.0,0.0,0.0,0
2021-03-16,829.8,0.0,0.0,0
2021-03-17,751.3,0.0,0.0,0
2021-03-18,808.7,0.0,0.0,0
2021-03-19,816.9,0.6,0.0,0
2021-03-20,715.5,0.0,0.0,0
2021-03-21,408.4,0.0,0.0,1
2021-03-22,796.0,0.1,0.0,0
2021-03-23,738.2,0.0,0.0,0
2021-03-24,816.8,0.0,0.0,0
2021-03-25,714.8,0.0,0.0,0
2021-03-26,742.8,0.0,0.0,0
2021-03-27,757.0,0.0,0.0,0
2021-03-28,380.1,0.0,0.0,1
2021-03-29,798.8,0.0,0.0,0
2021-03-30,785.9,0.0,0.0,0
2021-03-31,783.9,0.0,0.0,0
2021-04-01,774.2,0.0,0.0,0
2021-04-02,749.1,0.0,0.0,0
2021-04-03,734.0,0.0,0.0,0
2021-04-04,379.5,0.0,0.0,1
2021-04-05,718.3,0.0,0.0,0
2021-04-06,703.8,0.0,0.0,0
2021-04-07,744.3,0.0,0.0,0
2021-04-08,453.2,0.0,8.0,0
2021-04-09,351.4,0.4,16.0,0
2021-04-10,507.1,0.0,8.0,0
2021-04-11,275.0,0.0,8.0,1
2021-04-12,499.6,0.0,8.0,0
2021-04-13,484.9,0.0,8.0,0
2021-04-14,537.3,0.0,8.0,0
2021-04-15,782.6,0.0,0.0,0
2021-04-16,734.0,0.0,0.0,0
2021-04-17,814.9,0.0,0.0,0
2021-04-18,412.2,0.0,0.0,1
2021-04-19,632.9,0.0,0.0,0
2021-04-20,757.3,0.0,0.0,0
2021-04-21,738.4,0.0,0.0,0
2021-04-22,784.4,0.0,0.0,0
2021-04-23,677.6,0.0,0.0,0
2021-04-24,735.4,0.0,0.0,0
2021-04-25,361.5,0.0,0.0,1
2021-04-26,722.2,0.0,0.0,0
2021-04-27,746.8,0.0,0.0,0
2021-04-28,728.3,0.0,0.0,0
2021-04-29,725.3,0.0,0.0,0
2021-04-30,519.0,0.0,8.0,0
2021-05-01,501.8,0.0,8.0,0
2021-05-02,421.3,0.0,0.0,1
2021-05-03,724.0,0.8,0.0,0
2021-05-04,744.3,0.0,0.0,0
2021-05-05,769.2,0.0,0.0,0
2021-05-06,739.8,0.0,0.0,0
2021-05-07,719.6,0.2,0.0,0
2021-05-08,772.7,0.1,0.0,0
2021-05-09,357.6,16.0,0.0,1
2021-05-10,788.9,0.0,0.0,0
2021-05-11,682.8,0.4,0.0,0
2021-05-12,679.2,0.0,0.0,0
2021-05-13,671.0,0.0,0.0,0
2021-05-14,785.8,0.0,0.0,0
2021-05-15,747.1,0.0,0.0,0
2021-05-16,361.8,0.0,0.0,1
2021-05-17,704.4,0.0,0.0,0
2021-05-18,776.1,4.1,0.0,0
2021-05-19,478.1,7.8,8.0,0
2021-05-20,518.0,2.5,8.0,0
2021-05-21,734.4,0.0,0.0,0
2021-05-22,731.3,0.0,0.0,0
2021-05-23,375.6,0.0,0.0,1
2021-05-24,699.0,0.0,0.0,0
2021-05-25,720.0,0.0,0.0,0
2021-05-26,808.4,0.0,0.0,0
2021-05-27,748.7,0.0,0.0,0
2021-05-28,773.2,0.1,0.0,0
2021-05-29,807.2,0.0,0.0,0
2021-05-30,417.4,0.0,0.0,1
2021-05-31,733.7,0.0,0.0,0
2021-06-01,669.8,0.0,0.0,0
2021-06-02,784.4,0.0,0.0,0
2021-06-03,705.3,0.1,0.0,0
2021-06-04,708.7,1.2,0.0,0
2021-06-05,723.7,0.0,0.0,0
2021-06-06,386.7,6.0,0.0,1
2021-06-07,758.3,0.5,0.0,0
2021-06-08,708.9,13.5,0.0,0
2021-06-09,694.3,6.1,0.0,0
2021-06-10,689.7,33.2,0.0,0
2021-06-11,578.8,28.2,0.0,0
2021-06-12,495.3,26.3,0.0,0
2021-06-13,293.3,9.6,0.0,1
2021-06-14,468.9,2.7,0.0,0
2021-06-15,554.1,3.6,0.0,0
2021-06-16,547.3,4.5,0.0,0
2021-06-17,547.3,29.9,0.0,0
2021-06-18,586.9,16.3,0.0,0
2021-06-19,531.0,2.4,0.0,0
2021-06-20,330.1,2.8,0.0,1
2021-06-21,623.0,0.2,0.0,0
2021-06-22,619.8,11.5,0.0,0
2021-06-23,605.0,16.9,0.0,0
2021-06-24,587.4,38.1,0.0,0
2021-06-25,591.6,16.6,0.0,0
2021-06-26,514.9,0.8,0.0,0
2021-06-27,279.4,16.7,0.0,1
2021-06-28,599.7,7.5,0.0,0
2021-06-29,519.9,3.8,0.0,0
2021-06-30,565.5,16.2,0.0,0
2021-07-01,590.7,7.4,0.0,0
2021-07-02,647.9,7.9,0.0,0
2021-07-03,601.8,2.9,0.0,0
2021-07-04,368.1,0.0,0.0,1
2021-07-05,662.7,6.8,0.0,0
2021-07-06,657.8,0.6,0.0,0
2021-07-07,603.8,2.1,0.0,0
2021-07-08,631.5,48.5,0.0,0
2021-07-09,609.8,5.7,0.0,0
2021-07-10,587.5,14.0,0.0,0
2021-07-11,309.4,9.1,0.0,1
2021-07-12,618.4,1.3,0.0,0
2021-07-13,378.9,1.0,8.0,0
2021-07-14,384.0,3.0,8.0,0
2021-07-15,462.4,1.2,8.0,0
2021-07-16,472.7,0.3,8.0,0
2021-07-17,484.6,1.1,8.0,0
2021-07-18,268.8,3.6,8.0,1
2021-07-19,495.9,5.5,8.0,0
2021-07-20,449.3,22.8,8.0,0
2021-07-21,428.6,34.2,8.0,0
2021-07-22,627.8,22.5,0.0,0
2021-07-23,546.6,13.0,0.0,0
2021-07-24,477.3,26.0,0.0,0
2021-07-25,254.6,15.8,0.0,1
2021-07-26,493.7,2.9,0.0,0
2021-07-27,459.6,17.4,0.0,0
2021-07-28,512.0,21.3,0.0,0
2021-07-29,569.7,9.8,0.0,0
2021-07-30,477.5,12.8,0.0,0
2021-07-31,538.5,20.6,0.0,0
2021-08-01,327.2,5.4,0.0,1
2021-08-02,568.8,11.5,0.0,0
2021-08-03,565.7,1.8,0.0,0
2021-08-04,677.0,1.5,0.0,0
2021-08-05,614.2,3.6,0.0,0
2021-08-06,660.1,5.2,0.0,0
2021-08-07,722.3,4.5,0.0,0
2021-08-08,360.0,1.9,0.0,1
2021-08-09,714.3,1.0,0.0,0
2021-08-10,693.0,17.5,0.0,0
2021-08-11,637.9,0.5,0.0,0
2021-08-12,654.9,1.5,0.0,0
2021-08-13,613.2,6.3,0.0,0
2021-08-14,684.1,1.8,0.0,0
2021-08-15,364.4,0.6,0.0,1
2021-08-16,652.2,3.7,0.0,0
2021-08-17,576.7,52.3,0.0,0
2021-08-18,608.9,20.3,0.0,0
2021-08-19,511.3,34.6,0.0,0
2021-08-20,556.2,4.6,0.0,0
2021-08-21,488.3,4.4,0.0,0
2021-08-22,217.6,7.4,8.0,1
2021-08-23,302.8,4.8,8.0,0
2021-08-24,406.2,5.6,8.0,0
2021-08-25,635.0,3.1,0.0,0
2021-08-26,660.9,1.0,0.0,0
2021-08-27,741.3,0.1,0.0,0
2021-08-28,681.6,8.8,0.0,0
2021-08-29,342.0,20.5,0.0,1
2021-08-30,652.5,15.8,0.0,0
2021-08-31,577.8,6.8,0.0,0
2021-09-01,643.5,6.9,0.0,0
2021-09-02,599.6,4.0,0.0,0
2021-09-03,565.7,12.9,0.0,0
2021-09-04,553.9,8.8,0.0,0
2021-09-05,352.4,7.4,0.0,1
2021-09-06,604.4,22.7,0.0,0
2021-09-07,631.1,8.5,0.0,0
2021-09-08,622.4,7.6,0.0,0
2021-09-09,523.9,43.2,0.0,0
2021-09-10,540.2,32.6,0.0,0
2021-09-11,555.5,12.0,0.0,0
2021-09-12,283.1,18.7,0.0,1
2021-09-13,510.1,17.9,0.0,0
2021-09-14,408.0,24.4,0.0,0
2021-09-15,385.3,69.8,0.0,0
2021-09-16,439.6,14.7,0.0,0
2021-09-17,264.9,3.0,8.0,0
2021-09-18,474.6,1.3,0.0,0
2021-09-19,291.8,1.0,0.0,1
2021-09-20,519.8,15.6,0.0,0
2021-09-21,492.8,4.0,0.0,0
2021-09-22,581.0,1.6,0.0,0
2021-09-23,761.8,3.1,0.0,0
2021-09-24,588.5,3.7,0.0,0
2021-09-25,751.6,2.5,0.0,0
2021-09-26,358.9,8.2,0.0,1
2021-09-27,748.4,3.7,0.0,0
2021-09-28,696.8,4.5,0.0,0
2021-09-29,704.6,1.5,0.0,0
2021-09-30,708.3,3.3,0.0,0
2021-10-01,689.4,0.3,0.0,0
2021-10-02,603.6,0.0,0.0,0
2021-10-03,352.3,4.4,0.0,1
2021-10-04,726.2,0.0,0.0,0
2021-10-05,649.4,4.2,0.0,0
2021-10-06,692.6,5.8,0.0,0
2021-10-07,703.9,1.7,0.0,0
2021-10-08,717.1,0.2,0.0,0
2021-10-09,713.6,0.0,0.0,0
2021-10-10,359.8,0.0,0.0,1
2021-10-11,678.1,0.0,0.0,0
2021-10-12,736.0,0.0,0.0,0
2021-10-13,746.1,0.0,0.0,0
2021-10-14,733.5,0.0,0.0,0
2021-10-15,732.6,0.3,0.0,0
2021-10-16,695.6,2.7,0.0,0
2021-10-17,410.4,13.6,0.0,1
2021-10-18,667.8,12.9,0.0,0
2021-10-19,697.5,0.3,0.0,0
2021-10-20,665.7,0.0,0.0,0
2021-10-21,677.4,0.0,0.0,0
2021-10-22,725.0,0.0,0.0,0
2021-10-23,684.1,0.0,0.0,0
2021-10-24,383.7,0.0,0.0,1
2021-10-25,820.5,0.0,0.0,0
2021-10-26,755.5,0.0,0.0,0
2021-10-27,687.3,0.0,0.0,0
2021-10-28,727.0,0.0,0.0,0
2021-10-29,618.1,0.0,0.0,0
2021-10-30,732.0,0.0,0.0,0
2021-10-31,395.4,0.0,0.0,1
2021-11-01,725.8,0.0,0.0,0
2021-11-02,779.2,0.0,0.0,0
2021-11-03,720.0,0.0,0.0,0
2021-11-04,628.1,0.1,0.0,0
2021-11-05,680.7,0.0,0.0,0
2021-11-06,739.9,0.0,0.0,0
2021-11-07,404.7,0.0,0.0,1
2021-11-08,805.2,0.0,0.0,0
2021-11-09,735.9,0.0,0.0,0
2021-11-10,750.3,0.0,0.0,0
2021-11-11,735.6,0.0,0.0,0
2021-11-12,710.2,0.7,0.0,0
2021-11-13,772.6,3.9,0.0,0
2021-11-14,402.6,2.2,0.0,1
2021-11-15,508.4,1.9,8.0,0
2021-11-16,496.2,0.0,8.0,0
2021-11-17,462.3,0.0,8.0,0
2021-11-18,486.6,0.0,8.0,0
2021-11-19,728.2,0.0,0.0,0
2021-11-20,752.9,0.0,0.0,0
2021-11-21,349.1,13.0,0.0,1
2021-11-22,685.6,0.7,0.0,0
2021-11-23,733.7,0.0,0.0,0
2021-11-24,712.5,0.0,0.0,0
2021-11-25,711.4,0.0,0.0,0
2021-11-26,677.2,0.0,0.0,0
2021-11-27,733.5,0.0,0.0,0
2021-11-28,367.7,0.0,0.0,1
2021-11-29,678.8,0.0,0.0,0
2021-11-30,760.5,0.0,0.0,0
2021-12-01,721.7,0.0,0.0,0
2021-12-02,766.2,0.0,0.0,0
2021-12-03,750.4,0.0,0.0,0
2021-12-04,722.3,0.0,0.0,0
2021-12-05,376.3,0.0,0.0,1
2021-12-06,791.8,0.0,0.0,0
2021-12-07,787.9,0.0,0.0,0
2021-12-08,699.7,0.0,0.0,0
2021-12-09,761.0,0.0,0.0,0
2021-12-10,741.1,0.0,0.0,0
2021-12-11,775.1,0.0,0.0,0
2021-12-12,413.7,0.0,0.0,1
2021-12-13,730.8,0.0,0.0,0
2021-12-14,689.1,0.0,0.0,0
2021-12-15,749.9,0.0,0.0,0
2021-12-16,759.4,0.0,0.0,0
2021-12-17,739.7,0.0,0.0,0
2021-12-18,745.2,0.0,0.0,0
2021-12-19,402.1,0.0,0.0,1
2021-12-20,732.8,0.0,0.0,0
2021-12-21,809.1,0.0,0.0,0
2021-12-22,761.8,0.0,0.0,0
2021-12-23,732.2,0.0,0.0,0
2021-12-24,690.2,0.0,0.0,0
2021-12-25,751.2,0.0,0.0,0
2021-12-26,417.9,0.0,0.0,1
2021-12-27,727.9,0.0,0.0,0
2021-12-28,680.9,25.9,0.0,0
2021-12-29,610.8,7.2,0.0,0
2021-12-30,664.2,0.0,0.0,0
2021-12-31,710.6,0.0,0.0,0
2022-01-01,755.5,0.0,0.0,0
2022-01-02,376.7,0.0,0.0,1
2022-01-03,717.5,0.0,0.0,0
2022-01-04,769.7,0.0,0.0,0
2022-01-05,748.1,0.0,0.0,0
2022-01-06,791.4,0.0,0.0,0
2022-01-07,788.3,0.0,0.0,0
2022-01-08,794.8,0.0,0.0,0
2022-01-09,447.5,3.8,0.0,1
2022-01-10,836.7,1.2,0.0,0
2022-01-11,481.5,2.5,8.0,0
2022-01-12,526.8,0.7,8.0,0
2022-01-13,497.1,0.0,8.0,0
2022-01-14,707.2,3.9,0.0,0
2022-01-15,817.5,0.0,0.0,0
2022-01-16,381.3,0.0,0.0,1
2022-01-17,482.7,0.0,8.0,0
2022-01-18,518.4,0.0,8.0,0
2022-01-19,485.4,0.0,8.0,0
2022-01-20,554.8,0.0,8.0,0
2022-01-21,502.0,0.0,8.0,0
2022-01-22,518.6,0.0,8.0,0
2022-01-23,278.3,1.5,8.0,1
2022-01-24,510.9,0.0,8.0,0
2022-01-25,464.0,0.0,8.0,0
2022-01-26,561.6,0.0,8.0,0
2022-01-27,521.7,0.0,8.0,0
2022-01-28,755.0,0.0,0.0,0
2022-01-29,720.5,0.0,0.0,0
2022-01-30,378.1,0.0,0.0,1
2022-01-31,737.7,0.0,0.0,0
2022-02-01,825.5,0.0,0.0,0
2022-02-02,799.5,0.0,0.0,0
2022-02-03,804.1,0.9,0.0,0
2022-02-04,775.7,0.0,0.0,0
2022-02-05,744.0,0.0,0.0,0
2022-02-06,432.6,0.0,0.0,1
2022-02-07,729.7,0.0,0.0,0
2022-02-08,744.8,0.0,0.0,0
2022-02-09,719.5,2.4,0.0,0
2022-02-10,700.8,0.0,0.0,0
2022-02-11,795.7,0.0,0.0,0
2022-02-12,727.2,0.0,0.0,0
2022-02-13,453.0,0.0,0.0,1
2022-02-14,838.1,0.0,0.0,0
2022-02-15,790.0,0.0,0.0,0
2022-02-16,785.4,0.0,0.0,0
2022-02-17,799.6,0.0,0.0,0
2022-02-18,733.8,0.0,0.0,0
2022-02-19,819.1,0.3,0.0,0
2022-02-20,396.0,0.1,0.0,1
2022-02-21,810.3,0.0,0.0,0
2022-02-22,789.5,0.0,0.0,0
2022-02-23,772.8,0.0,0.0,0
2022-02-24,737.6,0.6,0.0,0
2022-02-25,742.4,0.0,0.0,0
2022-02-26,736.7,0.4,0.0,0
2022-02-27,414.3,0.0,0.0,1
2022-02-28,734.7,0.0,0.0,0
2022-03-01,778.0,0.0,0.0,0
2022-03-02,750.4,0.0,0.0,0
2022-03-03,725.9,0.0,0.0,0
2022-03-04,825.4,0.0,0.0,0
2022-03-05,766.6,0.0,0.0,0
2022-03-06,382.0,0.0,0.0,1
2022-03-07,537.0,0.0,8.0,0
2022-03-08,537.2,0.0,8.0,0
2022-03-09,887.9,0.0,0.0,0
2022-03-10,733.6,0.0,0.0,0
2022-03-11,733.6,0.0,0.0,0
2022-03-12,793.0,0.0,0.0,0
2022-03-13,445.3,0.0,0.0,1
2022-03-14,711.7,0.0,0.0,0
2022-03-15,724.1,0.0,0.0,0
2022-03-16,798.6,0.0,0.0,0
2022-03-17,747.6,0.0,0.0,0
2022-03-18,790.7,0.0,0.0,0
2022-03-19,776.2,0.0,0.0,0
2022-03-20,443.5,0.4,0.0,1
2022-03-21,709.4,0.0,0.0,0
2022-03-22,829.6,0.0,0.0,0
2022-03-23,788.5,0.0,0.0,0
2022-03-24,711.8,0.0,0.0,0
2022-03-25,714.5,0.0,0.0,0
2022-03-26,709.8,0.0,0.0,0
2022-03-27,462.7,0.0,0.0,1
2022-03-28,782.6,0.0,0.0,0
2022-03-29,753.4,0.0,0.0,0
2022-03-30,824.7,0.0,0.0,0
2022-03-31,810.8,0.0,0.0,0
2022-04-01,762.8,0.0,0.0,0
2022-04-02,750.4,0.0,0.0,0
2022-04-03,404.6,0.0,0.0,1
2022-04-04,678.5,0.0,0.0,0
2022-04-05,708.7,0.0,0.0,0
2022-04-06,742.7,0.0,0.0,0
2022-04-07,735.1,0.0,0.0,0
2022-04-08,625.2,0.0,0.0,0
2022-04-09,745.9,0.0,0.0,0
2022-04-10,418.3,0.0,0.0,1
2022-04-11,710.1,0.0,0.0,0
2022-04-12,758.1,0.0,0.0,0
2022-04-13,677.1,0.0,0.0,0
2022-04-14,711.1,0.0,0.0,0
2022-04-15,812.7,0.0,0.0,0
2022-04-16,680.3,0.0,0.0,0
2022-04-17,433.7,0.0,0.0,1
2022-04-18,713.1,0.0,0.0,0
2022-04-19,729.8,0.0,0.0,0
2022-04-20,759.2,0.0,0.0,0
2022-04-21,808.3,0.0,0.0,0
2022-04-22,814.2,0.0,0.0,0
2022-04-23,630.5,0.0,0.0,0
2022-04-24,415.9,0.0,0.0,1
2022-04-25,666.6,0.0,0.0,0
2022-04-26,755.2,0.0,0.0,0
2022-04-27,728.7,0.0,0.0,0
2022-04-28,767.6,0.0,0.0,0
2022-04-29,821.8,0.0,0.0,0
2022-04-30,704.4,0.0,0.0,0
2022-05-01,432.6,0.0,0.0,1
2022-05-02,692.4,0.0,0.0,0
2022-05-03,758.1,0.0,0.0,0
2022-05-04,782.2,0.0,0.0,0
2022-05-05,761.3,0.0,0.0,0
2022-05-06,741.2,0.0,0.0,0
2022-05-07,752.5,0.0,0.0,0
2022-05-08,407.8,0.0,0.0,1
2022-05-09,774.4,0.0,0.0,0
2022-05-10,787.4,0.0,0.0,0
2022-05-11,805.2,0.0,0.0,0
2022-05-12,710.5,0.0,0.0,0
2022-05-13,743.8,0.0,0.0,0
2022-05-14,688.5,0.0,0.0,0
2022-05-15,386.8,0.0,0.0,1
2022-05-16,758.7,0.0,0.0,0
2022-05-17,752.0,0.0,0.0,0
2022-05-18,719.3,0.0,0.0,0
2022-05-19,790.9,0.0,0.0,0
2022-05-20,769.5,0.0,0.0,0
2022-05-21,820.5,0.0,0.0,0
2022-05-22,434.8,0.0,0.0,1
2022-05-23,722.3,0.0,0.0,0
2022-05-24,751.3,7.2,0.0,0
2022-05-25,741.2,0.0,0.0,0
2022-05-26,778.4,0.1,0.0,0
2022-05-27,673.4,0.0,0.0,0
2022-05-28,752.4,0.0,0.0,0
2022-05-29,418.0,0.0,0.0,1
2022-05-30,679.6,0.5,0.0,0
2022-05-31,647.4,0.0,0.0,0
2022-06-01,783.8,0.0,0.0,0
2022-06-02,746.1,0.0,0.0,0
2022-06-03,707.9,0.0,0.0,0
2022-06-04,737.7,0.0,0.0,0
2022-06-05,422.4,0.0,0.0,1
2022-06-06,497.1,0.0,8.0,0
2022-06-07,476.3,0.0,8.0,0
2022-06-08,878.0,0.0,0.0,0
2022-06-09,761.3,0.0,0.0,0
2022-06-10,753.1,0.0,0.0,0
2022-06-11,725.7,1.0,0.0,0
2022-06-12,411.3,0.8,0.0,1
2022-06-13,718.4,0.2,0.0,0
2022-06-14,681.6,0.2,0.0,0
2022-06-15,722.9,5.1,0.0,0
2022-06-16,765.6,3.5,0.0,0
2022-06-17,452.3,7.7,8.0,0
2022-06-18,424.0,21.3,8.0,0
2022-06-19,234.3,29.0,8.0,1
2022-06-20,590.8,18.6,0.0,0
2022-06-21,525.4,3.0,0.0,0
2022-06-22,384.6,8.6,8.0,0
2022-06-23,311.8,19.1,8.0,0
2022-06-24,406.2,1.3,8.0,0
2022-06-25,614.6,2.6,0.0,0
2022-06-26,363.9,22.2,0.0,1
2022-06-27,585.8,1.2,0.0,0
2022-06-28,667.3,3.5,0.0,0
2022-06-29,614.2,13.2,0.0,0
2022-06-30,610.6,21.5,0.0,0
2022-07-01,587.9,12.9,0.0,0
2022-07-02,547.2,12.3,0.0,0
2022-07-03,284.3,23.9,0.0,1
2022-07-04,550.8,40.3,0.0,0
2022-07-05,505.1,20.1,0.0,0
2022-07-06,427.3,39.1,0.0,0
2022-07-07,475.5,24.3,0.0,0
2022-07-08,430.2,9.1,0.0,0
2022-07-09,408.7,35.7,0.0,0
2022-07-10,217.9,18.6,0.0,1
2022-07-11,431.2,24.5,0.0,0
2022-07-12,429.3,37.6,0.0,0
2022-07-13,468.8,12.4,0.0,0
2022-07-14,397.0,23.0,0.0,0
2022-07-15,416.5,12.7,0.0,0
2022-07-16,455.2,21.5,0.0,0
2022-07-17,222.6,52.9,0.0,1
2022-07-18,445.5,10.5,0.0,0
2022-07-19,500.7,5.6,0.0,0
2022-07-20,485.0,13.6,0.0,0
2022-07-21,485.3,23.8,0.0,0
2022-07-22,493.9,12.2,0.0,0
2022-07-23,477.7,27.2,0.0,0
2022-07-24,295.7,25.2,0.0,1
2022-07-25,445.4,15.6,0.0,0
2022-07-26,485.0,10.2,0.0,0
2022-07-27,566.5,9.1,0.0,0
2022-07-28,554.9,12.6,0.0,0
2022-07-29,531.1,5.9,0.0,0
2022-07-30,596.8,3.8,0.0,0
2022-07-31,341.6,5.9,0.0,1
2022-08-01,561.7,4.2,0.0,0
2022-08-02,621.9,2.7,0.0,0
2022-08-03,694.5,13.1,0.0,0
2022-08-04,612.0,1.9,0.0,0
2022-08-05,737.7,5.5,0.0,0
2022-08-06,694.2,31.7,0.0,0
2022-08-07,347.4,13.4,0.0,1
2022-08-08,609.2,6.8,0.0,0
2022-08-09,482.4,61.6,0.0,0
2022-08-10,447.7,51.6,0.0,0
2022-08-11,413.2,26.6,0.0,0
2022-08-12,381.7,10.9,0.0,0
2022-08-13,397.6,34.9,0.0,0
2022-08-14,209.0,33.0,0.0,1
2022-08-15,413.6,47.0,0.0,0
2022-08-16,375.2,3.9,0.0,0
2022-08-17,440.5,1.2,0.0,0
2022-08-18,501.2,1.0,0.0,0
2022-08-19,553.4,3.2,0.0,0
2022-08-20,503.8,35.2,0.0,0
2022-08-21,279.5,48.2,0.0,1
2022-08-22,532.7,17.1,0.0,0
2022-08-23,589.3,1.1,0.0,0
2022-08-24,561.8,0.4,0.0,0
2022-08-25,550.0,1.8,0.0,0
2022-08-26,521.3,0.6,0.0,0
2022-08-27,536.4,6.3,0.0,0
2022-08-28,381.2,6.1,0.0,1
2022-08-29,650.5,8.9,0.0,0
2022-08-30,657.3,9.3,0.0,0
2022-08-31,644.7,8.1,0.0,0
2022-09-01,631.2,10.2,0.0,0
2022-09-02,667.7,1.1,0.0,0
2022-09-03,606.0,3.7,0.0,0
2022-09-04,343.2,8.3,0.0,1
2022-09-05,637.9,9.1,0.0,0
2022-09-06,669.9,11.3,0.0,0
2022-09-07,584.7,26.0,0.0,0
2022-09-08,645.7,10.1,0.0,0
2022-09-09,570.5,0.9,0.0,0
2022-09-10,639.7,2.7,0.0,0
2022-09-11,360.1,18.1,0.0,1
2022-09-12,519.9,29.2,0.0,0
2022-09-13,527.5,39.2,0.0,0
2022-09-14,504.0,29.5,0.0,0
2022-09-15,464.1,13.6,0.0,0
2022-09-16,453.5,14.5,0.0,0
2022-09-17,484.7,4.0,0.0,0
2022-09-18,285.3,0.1,0.0,1
2022-09-19,510.3,0.7,0.0,0
2022-09-20,592.4,16.2,0.0,0
2022-09-21,617.0,11.4,0.0,0
2022-09-22,653.7,10.6,0.0,0
2022-09-23,669.7,6.1,0.0,0
2022-09-24,661.4,7.6,0.0,0
2022-09-25,368.9,2.2,0.0,1
2022-09-26,579.6,2.5,0.0,0
2022-09-27,588.2,9.9,0.0,0
2022-09-28,626.6,6.1,0.0,0
2022-09-29,738.0,0.1,0.0,0
2022-09-30,680.3,0.1,0.0,0
2022-10-01,707.6,0.0,0.0,0
2022-10-02,349.5,0.0,0.0,1
2022-10-03,701.3,0.0,0.0,0
2022-10-04,681.2,21.1,0.0,0
2022-10-05,739.0,15.3,0.0,0
2022-10-06,390.4,9.0,8.0,0
2022-10-07,584.3,7.5,0.0,0
2022-10-08,638.0,4.4,0.0,0
2022-10-09,380.2,0.4,0.0,1
2022-10-10,674.0,4.5,0.0,0
2022-10-11,603.2,22.6,0.0,0
2022-10-12,547.8,22.7,0.0,0
2022-10-13,612.1,9.0,0.0,0
2022-10-14,591.5,0.7,0.0,0
2022-10-15,586.5,0.0,0.0,0
2022-10-16,359.0,1.2,0.0,1
2022-10-17,665.6,10.0,0.0,0
2022-10-18,669.9,10.7,0.0,0
2022-10-19,687.0,0.1,0.0,0
2022-10-20,767.5,0.0,0.0,0
2022-10-21,670.4,0.0,0.0,0
2022-10-22,696.9,0.0,0.0,0
2022-10-23,382.0,0.0,0.0,1
2022-10-24,732.2,0.0,0.0,0
2022-10-25,753.7,0.0,0.0,0
2022-10-26,789.7,0.0,0.0,0
2022-10-27,829.1,0.0,0.0,0
2022-10-28,796.7,0.0,0.0,0
2022-10-29,757.7,0.0,0.0,0
2022-10-30,414.2,0.0,0.0,1
2022-10-31,776.1,0.0,0.0,0
2022-11-01,810.3,0.0,0.0,0
2022-11-02,718.3,0.0,0.0,0
2022-11-03,513.6,0.0,8.0,0
2022-11-04,468.8,0.0,8.0,0
2022-11-05,530.4,0.0,8.0,0
2022-11-06,282.9,0.0,8.0,1
2022-11-07,530.4,0.0,8.0,0
2022-11-08,488.7,0.0,8.0,0
2022-11-09,678.0,0.0,0.0,0
2022-11-10,767.1,0.0,0.0,0
2022-11-11,774.9,0.0,0.0,0
2022-11-12,768.7,0.0,0.0,0
2022-11-13,425.5,0.0,0.0,1
2022-11-14,725.7,0.0,0.0,0
2022-11-15,747.0,0.0,0.0,0
2022-11-16,700.9,0.0,0.0,0
2022-11-17,714.3,0.0,0.0,0
2022-11-18,796.2,0.0,0.0,0
2022-11-19,780.4,0.0,0.0,0
2022-11-20,424.2,0.0,0.0,1
2022-11-21,800.3,0.0,0.0,0
2022-11-22,672.9,0.0,0.0,0
2022-11-23,757.4,0.0,0.0,0
2022-11-24,796.2,0.0,0.0,0
2022-11-25,676.7,0.0,0.0,0
2022-11-26,695.9,0.0,0.0,0
2022-11-27,412.2,0.0,0.0,1
2022-11-28,764.8,0.0,0.0,0
2022-11-29,532.8,0.0,8.0,0
2022-11-30,483.7,0.0,8.0,0
2022-12-01,782.9,0.0,0.0,0
2022-12-02,683.6,0.0,0.0,0
2022-12-03,736.4,0.0,0.0,0
2022-12-04,362.4,0.0,0.0,1
2022-12-05,774.5,0.0,0.0,0
2022-12-06,755.5,0.0,0.0,0
2022-12-07,702.0,0.0,0.0,0
2022-12-08,756.9,0.0,0.0,0
2022-12-09,687.1,0.0,0.0,0
2022-12-10,468.2,0.0,8.0,0
2022-12-11,286.4,0.0,8.0,1
2022-12-12,733.5,4.5,0.0,0
2022-12-13,648.9,0.1,0.0,0
2022-12-14,734.9,0.0,0.0,0
2022-12-15,735.9,0.0,0.0,0
2022-12-16,720.6,0.0,0.0,0
2022-12-17,775.5,0.0,0.0,0
2022-12-18,408.0,0.0,0.0,1
2022-12-19,799.5,0.0,0.0,0
2022-12-20,730.8,0.0,0.0,0
2022-12-21,782.7,0.0,0.0,0
2022-12-22,714.7,0.0,0.0,0
2022-12-23,674.2,0.0,0.0,0
2022-12-24,812.7,0.0,0.0,0
2022-12-25,409.3,0.0,0.0,1
2022-12-26,822.0,0.0,0.0,0
2022-12-27,716.9,0.0,0.0,0
2022-12-28,819.6,0.0,0.0,0
2022-12-29,658.8,0.0,0.0,0
2022-12-30,748.8,0.0,0.0,0
2022-12-31,458.1,0.0,8.0,0
2023-01-01,266.9,0.0,8.0,1
2023-01-02,776.0,0.0,0.0,0
2023-01-03,772.0,0.0,0.0,0
2023-01-04,745.3,0.0,0.0,0
2023-01-05,781.2,0.0,0.0,0
2023-01-06,832.3,0.0,0.0,0
2023-01-07,781.9,0.0,0.0,0
2023-01-08,449.9,0.0,0.0,1
2023-01-09,733.9,0.0,0.0,0
2023-01-10,690.2,0.0,0.0,0
2023-01-11,718.8,0.0,0.0,0
2023-01-12,785.0,0.0,0.0,0
2023-01-13,728.8,0.0,0.0,0
2023-01-14,776.9,0.0,0.0,0
2023-01-15,409.3,0.0,0.0,1
2023-01-16,753.5,0.0,0.0,0
2023-01-17,769.4,0.0,0.0,0
2023-01-18,811.9,0.0,0.0,0
2023-01-19,843.7,0.0,0.0,0
2023-01-20,787.3,0.0,0.0,0
2023-01-21,810.1,0.0,0.0,0
2023-01-22,380.6,0.0,0.0,1
2023-01-23,788.6,0.0,0.0,0
2023-01-24,767.7,0.0,0.0,0
2023-01-25,792.4,0.0,0.0,0
2023-01-26,790.1,0.0,0.0,0
2023-01-27,768.4,0.0,0.0,0
2023-01-28,689.8,0.0,0.0,0
2023-01-29,419.8,0.0,0.0,1
2023-01-30,829.1,1.5,0.0,0
2023-01-31,740.0,0.0,0.0,0
2023-02-01,736.4,0.0,0.0,0
2023-02-02,750.8,0.0,0.0,0
2023-02-03,735.9,0.0,0.0,0
2023-02-04,739.7,0.0,0.0,0
2023-02-05,456.8,0.0,0.0,1
2023-02-06,780.0,0.0,0.0,0
2023-02-07,873.7,0.0,0.0,0
2023-02-08,765.4,0.0,0.0,0
2023-02-09,723.4,0.0,0.0,0
2023-02-10,746.4,0.0,0.0,0
2023-02-11,822.1,0.0,0.0,0
2023-02-12,409.2,0.0,0.0,1
2023-02-13,814.6,0.0,0.0,0
2023-02-14,832.5,0.0,0.0,0
2023-02-15,769.6,0.0,0.0,0
2023-02-16,736.8,0.0,0.0,0
2023-02-17,721.8,0.0,0.0,0
2023-02-18,794.8,0.0,0.0,0
2023-02-19,412.8,0.0,0.0,1
2023-02-20,793.9,0.0,0.0,0
2023-02-21,756.9,0.0,0.0,0
2023-02-22,765.4,0.0,0.0,0
2023-02-23,843.2,0.0,0.0,0
2023-02-24,775.2,0.0,0.0,0
2023-02-25,726.4,0.0,0.0,0
2023-02-26,436.3,0.0,0.0,1
2023-02-27,811.6,0.0,0.0,0
2023-02-28,767.6,0.0,0.0,0
2023-03-01,808.6,0.0,0.0,0
2023-03-02,745.1,0.0,0.0,0
2023-03-03,799.1,0.0,0.0,0
2023-03-04,720.9,0.0,0.0,0
2023-03-05,447.5,0.0,0.0,1
2023-03-06,790.3,0.0,0.0,0
2023-03-07,806.7,0.3,0.0,0
2023-03-08,880.9,0.0,0.0,0
2023-03-09,779.4,0.0,0.0,0
2023-03-10,842.9,0.0,0.0,0
2023-03-11,720.4,0.0,0.0,0
2023-03-12,393.5,0.0,0.0,1
2023-03-13,750.7,0.0,0.0,0
2023-03-14,772.2,0.0,0.0,0
2023-03-15,840.6,0.0,0.0,0
2023-03-16,794.5,3.3,0.0,0
2023-03-17,776.2,0.0,0.0,0
2023-03-18,773.4,4.8,0.0,0
2023-03-19,438.6,5.6,0.0,1
2023-03-20,707.0,0.3,0.0,0
2023-03-21,474.0,0.4,8.0,0
2023-03-22,489.3,0.2,8.0,0
2023-03-23,537.4,0.0,8.0,0
2023-03-24,505.1,0.0,8.0,0
2023-03-25,514.9,0.0,8.0,0
2023-03-26,426.4,2.9,0.0,1
2023-03-27,816.2,0.0,0.0,0
2023-03-28,802.0,0.0,0.0,0
2023-03-29,714.3,0.0,0.0,0
2023-03-30,756.0,0.1,0.0,0
2023-03-31,788.3,0.2,0.0,0
2023-04-01,678.7,0.7,0.0,0
2023-04-02,437.1,0.0,0.0,1
2023-04-03,705.8,0.0,0.0,0
2023-04-04,781.6,0.0,0.0,0
2023-04-05,744.8,0.0,0.0,0
2023-04-06,729.3,0.0,0.0,0
2023-04-07,649.1,9.4,0.0,0
2023-04-08,787.9,0.1,0.0,0
2023-04-09,408.2,1.0,0.0,1
2023-04-10,731.8,0.0,0.0,0
2023-04-11,682.0,0.0,0.0,0
2023-04-12,792.2,0.0,0.0,0
2023-04-13,714.7,0.0,0.0,0
2023-04-14,721.9,0.0,0.0,0
2023-04-15,781.4,0.6,0.0,0
2023-04-16,408.5,0.0,0.0,1
2023-04-17,757.8,0.0,0.0,0
2023-04-18,651.2,0.0,0.0,0
2023-04-19,727.9,0.0,0.0,0
2023-04-20,668.7,0.0,0.0,0
2023-04-21,736.3,0.0,0.0,0
2023-04-22,725.2,0.3,0.0,0
2023-04-23,372.6,0.0,0.0,1
2023-04-24,804.1,0.2,0.0,0
2023-04-25,769.8,0.1,0.0,0
2023-04-26,720.9,0.2,0.0,0
2023-04-27,768.3,0.9,0.0,0
2023-04-28,697.6,2.8,0.0,0
2023-04-29,716.3,9.7,0.0,0
2023-04-30,358.2,23.5,0.0,1
2023-05-01,706.1,2.1,0.0,0
2023-05-02,761.5,5.2,0.0,0
2023-05-03,700.4,13.2,0.0,0
2023-05-04,608.3,0.8,0.0,0
2023-05-05,613.2,2.3,0.0,0
2023-05-06,622.9,0.0,0.0,0
2023-05-07,368.7,0.1,0.0,1
2023-05-08,660.4,0.5,0.0,0
2023-05-09,729.5,0.0,0.0,0
2023-05-10,770.4,0.0,0.0,0
2023-05-11,739.8,0.0,0.0,0
2023-05-12,725.3,0.0,0.0,0
2023-05-13,818.3,0.0,0.0,0
2023-05-14,397.9,0.0,0.0,1
2023-05-15,680.5,0.0,0.0,0
2023-05-16,687.6,0.0,0.0,0
2023-05-17,657.7,0.0,0.0,0
2023-05-18,785.5,0.0,0.0,0
2023-05-19,734.8,0.0,0.0,0
2023-05-20,710.0,0.0,0.0,0
2023-05-21,407.3,0.0,0.0,1
2023-05-22,742.4,0.0,0.0,0
2023-05-23,746.6,0.1,0.0,0
2023-05-24,793.0,0.0,0.0,0
2023-05-25,671.3,0.0,0.0,0
2023-05-26,713.5,0.0,0.0,0
2023-05-27,775.8,0.0,0.0,0
2023-05-28,421.4,1.5,0.0,1
2023-05-29,759.4,0.0,0.0,0
2023-05-30,730.4,0.0,0.0,0
2023-05-31,710.1,0.0,0.0,0
2023-06-01,754.8,0.0,0.0,0
2023-06-02,786.9,0.0,0.0,0
2023-06-03,709.3,0.0,0.0,0
2023-06-04,403.5,0.4,0.0,1
2023-06-05,732.2,0.0,0.0,0
2023-06-06,739.9,0.0,0.0,0
2023-06-07,653.2,0.0,0.0,0
2023-06-08,750.3,0.0,0.0,0
2023-06-09,718.5,0.0,0.0,0
2023-06-10,698.2,0.1,0.0,0
2023-06-11,383.5,0.0,0.0,1
2023-06-12,776.2,0.0,0.0,0
2023-06-13,728.5,0.8,0.0,0
2023-06-14,791.4,0.0,0.0,0
2023-06-15,730.1,0.4,0.0,0
2023-06-16,725.3,0.0,0.0,0
2023-06-17,696.4,0.0,0.0,0
2023-06-18,372.1,0.0,0.0,1
2023-06-19,696.1,0.0,0.0,0
2023-06-20,666.8,0.0,0.0,0
2023-06-21,683.2,4.5,0.0,0
2023-06-22,675.8,3.4,0.0,0
2023-06-23,754.2,14.4,0.0,0
2023-06-24,787.3,3.1,0.0,0
2023-06-25,360.5,26.8,0.0,1
2023-06-26,480.6,86.5,0.0,0
2023-06-27,405.9,87.4,0.0,0
2023-06-28,422.0,42.1,0.0,0
2023-06-29,360.5,11.6,0.0,0
2023-06-30,392.4,2.9,0.0,0
2023-07-01,429.5,0.8,0.0,0
2023-07-02,235.3,1.6,0.0,1
2023-07-03,499.0,0.5,0.0,0
2023-07-04,637.9,9.9,0.0,0
2023-07-05,630.8,15.0,0.0,0
2023-07-06,638.4,14.9,0.0,0
2023-07-07,596.7,31.3,0.0,0
2023-07-08,550.9,34.5,0.0,0
2023-07-09,314.3,11.5,0.0,1
2023-07-10,532.2,10.4,0.0,0
2023-07-11,471.3,12.8,0.0,0
2023-07-12,534.2,11.8,0.0,0
2023-07-13,506.0,10.9,0.0,0
2023-07-14,504.3,17.3,0.0,0
2023-07-15,554.3,26.0,0.0,0
2023-07-16,326.2,15.1,0.0,1
2023-07-17,494.5,49.3,0.0,0
2023-07-18,452.8,26.6,0.0,0
2023-07-19,406.1,36.0,0.0,0
2023-07-20,393.6,5.6,0.0,0
2023-07-21,417.1,26.2,0.0,0
2023-07-22,385.4,21.6,0.0,0
2023-07-23,213.9,16.2,0.0,1
2023-07-24,502.6,3.5,0.0,0
2023-07-25,549.3,5.8,0.0,0
2023-07-26,572.9,23.4,0.0,0
2023-07-27,543.5,23.6,0.0,0
2023-07-28,479.5,34.7,0.0,0
2023-07-29,566.3,12.8,0.0,0
2023-07-30,198.7,23.4,8.0,1
2023-07-31,316.2,11.3,8.0,0
2023-08-01,452.2,13.1,0.0,0
2023-08-02,467.4,19.4,0.0,0
2023-08-03,444.2,111.1,0.0,0
2023-08-04,387.3,29.5,0.0,0
2023-08-05,454.7,3.4,0.0,0
2023-08-06,210.2,16.9,0.0,1
2023-08-07,384.5,2.7,0.0,0
2023-08-08,421.7,1.5,0.0,0
2023-08-09,406.4,1.3,0.0,0
2023-08-10,626.1,0.8,0.0,0
2023-08-11,693.8,0.3,0.0,0
2023-08-12,695.8,0.4,0.0,0
2023-08-13,411.5,4.2,0.0,1
2023-08-14,705.0,0.7,0.0,0
2023-08-15,781.1,7.7,0.0,0
2023-08-16,732.8,0.8,0.0,0
2023-08-17,656.2,27.7,0.0,0
2023-08-18,563.8,47.4,0.0,0
2023-08-19,415.0,27.4,8.0,0
2023-08-20,283.1,7.4,0.0,1
2023-08-21,536.1,9.6,0.0,0
2023-08-22,479.5,5.4,0.0,0
2023-08-23,431.8,24.8,0.0,0
2023-08-24,505.1,9.4,0.0,0
2023-08-25,597.7,0.3,0.0,0
2023-08-26,662.4,0.9,0.0,0
2023-08-27,374.0,0.1,0.0,1
2023-08-28,587.3,0.1,0.0,0
2023-08-29,675.2,0.7,0.0,0
2023-08-30,634.9,0.6,0.0,0
2023-08-31,704.8,0.2,0.0,0
2023-09-01,779.1,0.7,0.0,0
2023-09-02,753.0,1.0,0.0,0
2023-09-03,403.6,2.5,0.0,1
2023-09-04,783.6,0.8,0.0,0
2023-09-05,729.4,9.2,0.0,0
2023-09-06,620.4,9.9,0.0,0
2023-09-07,631.7,17.8,0.0,0
2023-09-08,600.4,28.5,0.0,0
2023-09-09,646.2,8.4,0.0,0
2023-09-10,293.4,32.3,0.0,1
2023-09-11,540.7,11.1,0.0,0
2023-09-12,494.6,22.4,0.0,0
2023-09-13,445.7,23.1,0.0,0
2023-09-14,447.2,27.6,0.0,0
2023-09-15,447.1,47.6,0.0,0
2023-09-16,391.2,6.3,0.0,0
2023-09-17,260.7,0.8,0.0,1
2023-09-18,528.3,0.2,0.0,0
2023-09-19,528.7,14.6,0.0,0
2023-09-20,550.8,6.0,0.0,0
2023-09-21,530.2,14.7,0.0,0
2023-09-22,698.3,5.1,0.0,0
2023-09-23,610.8,16.1,0.0,0
2023-09-24,353.9,6.0,0.0,1
2023-09-25,608.4,0.2,0.0,0
2023-09-26,686.4,1.3,0.0,0
2023-09-27,679.7,4.0,0.0,0
2023-09-28,762.7,2.1,0.0,0
2023-09-29,600.1,10.9,0.0,0
2023-09-30,727.3,1.4,0.0,0
2023-10-01,335.5,0.1,0.0,1
2023-10-02,721.9,0.0,0.0,0
2023-10-03,726.3,0.6,0.0,0
2023-10-04,646.1,0.0,0.0,0
2023-10-05,664.5,0.0,0.0,0
2023-10-06,741.5,0.0,0.0,0
2023-10-07,724.1,0.0,0.0,0
2023-10-08,448.3,0.0,0.0,1
2023-10-09,821.2,0.0,0.0,0
2023-10-10,761.6,0.0,0.0,0
2023-10-11,651.8,0.0,0.0,0
2023-10-12,789.5,0.0,0.0,0
2023-10-13,766.4,0.0,0.0,0
2023-10-14,749.2,0.0,0.0,0
2023-10-15,355.8,0.0,0.0,1
2023-10-16,738.0,0.0,0.0,0
2023-10-17,712.5,0.3,0.0,0
2023-10-18,473.1,0.0,8.0,0
2023-10-19,521.1,0.0,8.0,0
2023-10-20,505.7,0.2,8.0,0
2023-10-21,495.3,0.0,8.0,0
2023-10-22,411.1,0.0,0.0,1
2023-10-23,768.2,0.0,0.0,0
2023-10-24,670.0,0.0,0.0,0
2023-10-25,720.7,0.0,0.0,0
2023-10-26,739.3,0.0,0.0,0
2023-10-27,663.8,0.0,0.0,0
2023-10-28,759.1,0.0,0.0,0
2023-10-29,380.9,0.0,0.0,1
2023-10-30,685.6,0.0,0.0,0
2023-10-31,744.0,0.0,0.0,0
2023-11-01,757.9,0.0,0.0,0
2023-11-02,761.0,1.0,0.0,0
2023-11-03,712.2,0.0,0.0,0
2023-11-04,747.4,0.0,0.0,0
2023-11-05,415.8,0.0,0.0,1
2023-11-06,723.2,0.0,0.0,0
2023-11-07,725.4,0.0,0.0,0
2023-11-08,735.1,0.0,0.0,0
2023-11-09,761.1,0.0,0.0,0
2023-11-10,701.5,0.0,0.0,0
2023-11-11,809.5,0.0,0.0,0
2023-11-12,396.0,0.0,0.0,1
2023-11-13,740.0,0.0,0.0,0
2023-11-14,814.5,0.0,0.0,0
2023-11-15,819.2,0.0,0.0,0
2023-11-16,663.1,0.0,0.0,0
2023-11-17,695.0,0.0,0.0,0
2023-11-18,806.0,0.0,0.0,0
2023-11-19,393.3,0.0,0.0,1
2023-11-20,720.5,0.0,0.0,0
2023-11-21,739.5,0.0,0.0,0
2023-11-22,741.2,0.0,0.0,0
2023-11-23,760.8,0.0,0.0,0
2023-11-24,755.4,0.0,0.0,0
2023-11-25,705.3,0.0,0.0,0
2023-11-26,438.8,0.0,0.0,1
2023-11-27,744.2,0.1,0.0,0
2023-11-28,714.1,5.2,0.0,0
2023-11-29,690.4,5.9,0.0,0
2023-11-30,733.2,9.7,0.0,0
2023-12-01,764.3,0.6,0.0,0
2023-12-02,756.4,0.0,0.0,0
2023-12-03,409.2,0.0,0.0,1
2023-12-04,764.2,0.3,0.0,0
2023-12-05,755.5,1.8,0.0,0
2023-12-06,704.7,11.7,0.0,0
2023-12-07,765.7,1.4,0.0,0
2023-12-08,670.4,0.4,0.0,0
2023-12-09,703.6,0.0,0.0,0
2023-12-10,393.7,0.0,0.0,1
2023-12-11,642.8,0.0,0.0,0
2023-12-12,679.4,0.0,0.0,0
2023-12-13,692.5,0.0,0.0,0
2023-12-14,730.0,0.0,0.0,0
2023-12-15,674.5,0.0,0.0,0
2023-12-16,740.7,0.0,0.0,0
2023-12-17,264.5,0.0,8.0,1
2023-12-18,796.3,0.0,0.0,0
2023-12-19,807.9,0.0,0.0,0
2023-12-20,710.3,0.0,0.0,0
2023-12-21,718.7,0.0,0.0,0
2023-12-22,727.2,0.0,0.0,0
2023-12-23,671.7,0.0,0.0,0
2023-12-24,352.3,0.0,0.0,1
2023-12-25,746.5,0.0,0.0,0
2023-12-26,733.0,0.0,0.0,0
2023-12-27,757.1,0.0,0.0,0
2023-12-28,683.5,0.0,0.0,0
2023-12-29,736.0,0.0,0.0,0
2023-12-30,708.6,0.0,0.0,0
2023-12-31,374.6,0.0,0.0,1
2024-01-01,787.5,0.0,0.0,0
2024-01-02,656.3,0.0,0.0,0
2024-01-03,713.2,0.0,0.0,0
2024-01-04,665.2,0.0,0.0,0
2024-01-05,735.3,0.2,0.0,0
2024-01-06,775.5,1.3,0.0,0
2024-01-07,445.1,0.0,0.0,1
2024-01-08,518.8,0.0,8.0,0
2024-01-09,520.8,0.0,8.0,0
2024-01-10,521.7,4.0,8.0,0
2024-01-11,509.6,0.0,8.0,0
2024-01-12,498.5,0.0,8.0,0
2024-01-13,726.0,0.0,0.0,0
2024-01-14,457.8,0.0,0.0,1
2024-01-15,776.4,0.0,0.0,0
2024-01-16,814.0,0.0,0.0,0
2024-01-17,779.5,1.8,0.0,0
2024-01-18,774.6,2.2,0.0,0
2024-01-19,761.0,0.2,0.0,0
2024-01-20,697.9,7.9,0.0,0
2024-01-21,419.8,1.3,0.0,1
2024-01-22,738.1,0.0,0.0,0
2024-01-23,766.7,2.2,0.0,0
2024-01-24,514.5,0.0,8.0,0
2024-01-25,504.2,0.0,8.0,0
2024-01-26,530.8,0.0,8.0,0
2024-01-27,547.5,0.0,8.0,0
2024-01-28,275.6,0.0,8.0,1
2024-01-29,499.7,0.0,8.0,0
2024-01-30,457.1,0.0,8.0,0
2024-01-31,553.3,0.1,8.0,0
2024-02-01,496.4,0.0,8.0,0
2024-02-02,530.4,0.0,8.0,0
2024-02-03,511.8,0.0,8.0,0
2024-02-04,279.8,0.0,8.0,1
2024-02-05,823.0,0.0,0.0,0
2024-02-06,706.0,0.0,0.0,0
2024-02-07,678.4,0.0,0.0,0
2024-02-08,764.3,0.0,0.0,0
2024-02-09,815.7,0.0,0.0,0
2024-02-10,782.9,2.7,0.0,0
2024-02-11,381.6,6.1,0.0,1
2024-02-12,700.4,0.3,0.0,0
2024-02-13,835.2,0.0,0.0,0
2024-02-14,801.6,0.0,0.0,0
2024-02-15,700.6,7.6,0.0,0
2024-02-16,840.0,0.0,0.0,0
2024-02-17,787.7,0.0,0.0,0
2024-02-18,431.1,0.0,0.0,1
2024-02-19,804.9,0.0,0.0,0
2024-02-20,723.7,0.0,0.0,0
2024-02-21,805.8,0.0,0.0,0
2024-02-22,830.8,0.0,0.0,0
2024-02-23,749.8,0.0,0.0,0
2024-02-24,746.0,0.0,0.0,0
2024-02-25,444.5,0.0,0.0,1
2024-02-26,540.5,4.8,8.0,0
2024-02-27,490.7,16.0,8.0,0
2024-02-28,496.7,0.0,8.0,0
2024-02-29,490.8,0.0,8.0,0
2024-03-01,478.4,0.0,8.0,0
2024-03-02,516.8,0.2,8.0,0
2024-03-03,382.2,0.3,0.0,1
2024-03-04,753.2,0.0,0.0,0
2024-03-05,746.8,0.0,0.0,0
2024-03-06,805.3,0.0,0.0,0
2024-03-07,764.2,0.0,0.0,0
2024-03-08,747.2,0.0,0.0,0
2024-03-09,826.2,0.0,0.0,0
2024-03-10,400.4,0.0,0.0,1
2024-03-11,809.4,0.0,0.0,0
2024-03-12,719.7,0.0,0.0,0
2024-03-13,821.6,0.0,0.0,0
2024-03-14,728.0,0.0,0.0,0
2024-03-15,739.3,0.0,0.0,0
2024-03-16,753.7,0.0,0.0,0
2024-03-17,368.6,0.0,0.0,1
2024-03-18,764.2,20.1,0.0,0
2024-03-19,626.1,16.8,0.0,0
2024-03-20,666.5,1.0,0.0,0
2024-03-21,710.1,0.0,0.0,0
2024-03-22,722.2,0.0,0.0,0
2024-03-23,598.2,0.0,0.0,0
2024-03-24,419.2,0.0,0.0,1
2024-03-25,785.7,0.0,0.0,0
2024-03-26,773.8,0.0,0.0,0
2024-03-27,714.9,0.0,0.0,0
2024-03-28,763.7,0.0,0.0,0
2024-03-29,804.1,0.0,0.0,0
2024-03-30,482.6,0.4,8.0,0
2024-03-31,277.4,0.4,8.0,1
2024-04-01,688.5,0.0,0.0,0
2024-04-02,760.4,0.0,0.0,0
2024-04-03,720.4,0.0,0.0,0
2024-04-04,758.8,0.0,0.0,0
2024-04-05,763.3,0.0,0.0,0
2024-04-06,735.9,0.0,0.0,0
2024-04-07,419.8,1.4,0.0,1
2024-04-08,698.5,8.9,0.0,0
2024-04-09,721.0,14.9,0.0,0
2024-04-10,631.0,13.9,0.0,0
2024-04-11,652.5,1.9,0.0,0
2024-04-12,656.9,1.8,0.0,0
2024-04-13,658.9,0.0,0.0,0
2024-04-14,357.4,0.0,0.0,1
2024-04-15,671.4,1.3,0.0,0
2024-04-16,723.2,0.0,0.0,0
2024-04-17,736.0,0.0,0.0,0
2024-04-18,470.4,0.0,8.0,0
2024-04-19,515.8,0.0,8.0,0
2024-04-20,754.5,0.0,0.0,0
2024-04-21,387.0,0.0,0.0,1
2024-04-22,687.0,0.0,0.0,0
2024-04-23,763.1,2.6,0.0,0
2024-04-24,715.1,0.0,0.0,0
2024-04-25,775.8,0.0,0.0,0
2024-04-26,715.1,0.2,0.0,0
2024-04-27,743.0,0.0,0.0,0
2024-04-28,394.3,2.6,0.0,1
2024-04-29,759.9,0.3,0.0,0
2024-04-30,692.9,0.0,0.0,0
2024-05-01,743.6,0.0,0.0,0
2024-05-02,736.9,0.0,0.0,0
2024-05-03,513.2,0.0,8.0,0
2024-05-04,482.6,0.0,8.0,0
2024-05-05,436.3,0.0,0.0,1
2024-05-06,728.8,0.0,0.0,0
2024-05-07,729.7,0.1,0.0,0
2024-05-08,740.1,4.9,0.0,0
2024-05-09,680.2,10.3,0.0,0
2024-05-10,631.2,1.6,0.0,0
2024-05-11,704.1,0.5,0.0,0
2024-05-12,399.5,0.1,0.0,1
2024-05-13,643.6,0.0,0.0,0
2024-05-14,670.6,0.0,0.0,0
2024-05-15,726.8,0.0,0.0,0
2024-05-16,731.0,12.2,0.0,0
2024-05-17,735.7,0.3,0.0,0
2024-05-18,739.3,0.0,0.0,0
2024-05-19,315.3,7.7,0.0,1
2024-05-20,707.9,0.1,0.0,0
2024-05-21,665.5,8.2,0.0,0
2024-05-22,407.8,0.0,8.0,0
2024-05-23,538.5,0.1,8.0,0
2024-05-24,619.0,0.0,0.0,0
2024-05-25,741.2,0.2,0.0,0
2024-05-26,400.9,0.0,0.0,1
2024-05-27,678.8,0.0,0.0,0
2024-05-28,706.8,0.0,0.0,0
2024-05-29,690.8,0.0,0.0,0
2024-05-30,746.8,0.0,0.0,0
2024-05-31,709.0,0.0,0.0,0
2024-06-01,704.3,0.0,0.0,0
2024-06-02,388.8,0.1,0.0,1
2024-06-03,780.3,0.8,0.0,0
2024-06-04,709.6,0.4,0.0,0
2024-06-05,690.8,0.1,0.0,0
2024-06-06,790.9,0.0,0.0,0
2024-06-07,446.3,0.0,8.0,0
2024-06-08,761.3,8.8,0.0,0
2024-06-09,414.9,2.9,0.0,1
2024-06-10,754.5,14.9,0.0,0
2024-06-11,672.2,0.4,0.0,0
2024-06-12,632.7,0.0,0.0,0
2024-06-13,719.7,5.6,0.0,0
2024-06-14,684.4,0.1,0.0,0
2024-06-15,751.3,0.0,0.0,0
2024-06-16,256.4,4.7,8.0,1
2024-06-17,466.9,0.1,8.0,0
2024-06-18,681.5,14.7,0.0,0
2024-06-19,621.6,34.4,0.0,0
2024-06-20,606.7,16.9,0.0,0
2024-06-21,617.5,14.4,0.0,0
2024-06-22,519.3,22.7,0.0,0
2024-06-23,309.5,18.4,0.0,1
2024-06-24,517.8,8.2,0.0,0
2024-06-25,580.7,3.0,0.0,0
2024-06-26,573.2,0.0,0.0,0
2024-06-27,620.5,21.3,0.0,0
2024-06-28,636.3,7.0,0.0,0
2024-06-29,594.3,12.4,0.0,0
2024-06-30,354.6,13.4,0.0,1
2024-07-01,634.7,24.3,0.0,0
2024-07-02,576.7,12.6,0.0,0
2024-07-03,567.3,3.2,0.0,0
2024-07-04,547.2,15.0,0.0,0
2024-07-05,576.2,5.2,0.0,0
2024-07-06,633.9,3.4,0.0,0
2024-07-07,333.8,5.2,0.0,1
2024-07-08,629.5,13.3,0.0,0
2024-07-09,573.5,10.4,0.0,0
2024-07-10,634.9,6.7,0.0,0
2024-07-11,657.2,10.7,0.0,0
2024-07-12,642.9,7.1,0.0,0
2024-07-13,602.4,38.5,0.0,0
2024-07-14,301.9,32.9,0.0,1
2024-07-15,478.9,12.6,0.0,0
2024-07-16,490.9,14.9,0.0,0
2024-07-17,517.3,10.2,0.0,0
2024-07-18,489.0,12.2,0.0,0
2024-07-19,458.5,22.1,0.0,0
2024-07-20,458.4,45.3,0.0,0
2024-07-21,273.7,31.8,0.0,1
2024-07-22,451.9,61.6,0.0,0
2024-07-23,252.2,44.1,8.0,0
2024-07-24,201.5,30.4,16.0,0
2024-07-25,223.5,40.3,16.0,0
2024-07-26,244.8,28.9,8.0,0
2024-07-27,245.0,50.3,8.0,0
2024-07-28,244.4,26.6,0.0,1
2024-07-29,434.4,7.2,0.0,0
2024-07-30,402.1,11.3,0.0,0
2024-07-31,386.4,35.8,0.0,0
2024-08-01,395.1,33.7,0.0,0
2024-08-02,396.4,35.5,0.0,0
2024-08-03,447.7,27.1,0.0,0
2024-08-04,234.8,15.7,0.0,1
2024-08-05,317.9,6.1,8.0,0
2024-08-06,297.3,7.0,8.0,0
2024-08-07,317.8,19.1,8.0,0
2024-08-08,340.3,22.0,8.0,0
2024-08-09,383.3,3.2,8.0,0
2024-08-10,561.6,5.9,0.0,0
2024-08-11,337.7,8.9,0.0,1
2024-08-12,628.2,0.5,0.0,0
2024-08-13,676.7,0.2,0.0,0
2024-08-14,596.7,30.4,0.0,0
2024-08-15,585.8,23.4,0.0,0
2024-08-16,620.5,19.4,0.0,0
2024-08-17,588.5,4.1,0.0,0
2024-08-18,329.1,3.5,0.0,1
2024-08-19,610.3,13.5,0.0,0
2024-08-20,515.8,5.3,0.0,0
2024-08-21,538.1,5.0,0.0,0
2024-08-22,561.3,35.7,0.0,0
2024-08-23,563.8,23.9,0.0,0
2024-08-24,500.5,40.1,0.0,0
2024-08-25,251.2,35.1,0.0,1
2024-08-26,463.9,4.3,0.0,0
2024-08-27,443.4,0.8,0.0,0
2024-08-28,520.9,1.8,0.0,0
2024-08-29,562.1,3.8,0.0,0
2024-08-30,569.5,26.5,0.0,0
2024-08-31,596.1,23.8,0.0,0
2024-09-01,226.8,9.5,8.0,1
2024-09-02,383.4,2.8,8.0,0
2024-09-03,604.9,0.8,0.0,0
2024-09-04,583.3,13.9,0.0,0
2024-09-05,578.3,14.8,0.0,0
2024-09-06,558.0,13.6,0.0,0
2024-09-07,594.0,2.2,0.0,0
2024-09-08,327.2,5.4,0.0,1
2024-09-09,396.9,18.9,8.0,0
2024-09-10,263.1,140.1,8.0,0
2024-09-11,267.8,6.6,8.0,0
2024-09-12,400.3,4.6,0.0,0
2024-09-13,387.7,4.3,0.0,0
2024-09-14,460.7,0.1,0.0,0
2024-09-15,248.3,0.1,0.0,1
2024-09-16,454.8,5.5,0.0,0
2024-09-17,749.5,4.5,0.0,0
2024-09-18,682.6,1.9,0.0,0
2024-09-19,757.5,0.3,0.0,0
2024-09-20,647.3,5.0,0.0,0
2024-09-21,793.2,4.1,0.0,0
2024-09-22,384.2,8.5,0.0,1
2024-09-23,737.7,10.9,0.0,0
2024-09-24,632.3,4.0,0.0,0
2024-09-25,623.6,13.6,0.0,0
2024-09-26,603.0,21.3,0.0,0
2024-09-27,580.1,36.9,0.0,0
2024-09-28,525.8,0.7,0.0,0
2024-09-29,322.1,2.0,0.0,1
2024-09-30,596.5,1.0,0.0,0
2024-10-01,582.7,0.3,0.0,0
2024-10-02,667.8,0.0,0.0,0
2024-10-03,469.9,0.0,8.0,0
2024-10-04,434.9,0.0,8.0,0
2024-10-05,476.9,0.0,8.0,0
2024-10-06,420.6,0.0,0.0,1
2024-10-07,794.7,0.0,0.0,0
2024-10-08,753.9,1.3,0.0,0
2024-10-09,693.8,5.1,0.0,0
2024-10-10,725.3,0.1,0.0,0
2024-10-11,707.3,1.0,0.0,0
2024-10-12,648.7,1.3,0.0,0
2024-10-13,421.3,4.5,0.0,1
2024-10-14,741.5,0.2,0.0,0
2024-10-15,687.8,0.0,0.0,0
2024-10-16,801.1,0.5,0.0,0
2024-10-17,706.7,3.0,0.0,0
2024-10-18,773.3,2.7,0.0,0
2024-10-19,627.0,9.7,0.0,0
2024-10-20,427.1,3.4,0.0,1
2024-10-21,702.7,3.1,0.0,0
2024-10-22,708.8,0.0,0.0,0
2024-10-23,655.2,0.0,0.0,0
2024-10-24,704.2,0.0,0.0,0
2024-10-25,634.9,0.0,0.0,0
2024-10-26,755.6,0.0,0.0,0
2024-10-27,425.1,0.0,0.0,1
2024-10-28,742.0,1.3,0.0,0
2024-10-29,701.9,0.0,0.0,0
2024-10-30,700.2,0.0,0.0,0
2024-10-31,693.6,0.0,0.0,0
2024-11-01,681.0,0.0,0.0,0
2024-11-02,649.4,0.0,0.0,0
2024-11-03,302.5,0.0,8.0,1
2024-11-04,481.6,0.0,8.0,0
2024-11-05,723.0,0.0,0.0,0
2024-11-06,716.8,0.0,0.0,0
2024-11-07,788.8,0.0,0.0,0
2024-11-08,682.8,0.0,0.0,0
2024-11-09,745.7,0.0,0.0,0
2024-11-10,356.7,0.0,0.0,1
2024-11-11,503.5,0.0,8.0,0
2024-11-12,488.7,0.0,8.0,0
2024-11-13,558.7,0.0,8.0,0
2024-11-14,500.2,0.0,8.0,0
2024-11-15,760.7,0.0,0.0,0
2024-11-16,789.0,0.0,0.0,0
2024-11-17,384.9,0.0,0.0,1
2024-11-18,745.9,0.0,0.0,0
2024-11-19,808.1,0.0,0.0,0
2024-11-20,782.2,0.0,0.0,0
2024-11-21,794.1,0.0,0.0,0
2024-11-22,707.7,0.0,0.0,0
2024-11-23,771.8,0.0,0.0,0
2024-11-24,391.0,0.0,0.0,1
2024-11-25,742.3,0.0,0.0,0
2024-11-26,778.5,0.0,0.0,0
2024-11-27,697.2,0.0,0.0,0
2024-11-28,722.8,0.0,0.0,0
2024-11-29,730.2,0.0,0.0,0
2024-11-30,747.5,0.0,0.0,0
2024-12-01,411.6,0.0,0.0,1
2024-12-02,724.0,0.3,0.0,0
2024-12-03,756.0,1.6,0.0,0
2024-12-04,778.1,0.2,0.0,0
2024-12-05,745.4,0.0,0.0,0
2024-12-06,707.3,0.0,0.0,0
2024-12-07,670.0,0.0,0.0,0
2024-12-08,416.8,0.3,0.0,1
2024-12-09,727.5,0.1,0.0,0
2024-12-10,734.5,0.0,0.0,0
2024-12-11,772.2,0.0,0.0,0
2024-12-12,736.3,0.0,0.0,0
2024-12-13,711.9,0.0,0.0,0
2024-12-14,771.8,0.0,0.0,0
2024-12-15,417.4,0.0,0.0,1
2024-12-16,736.0,0.0,0.0,0
2024-12-17,714.5,0.0,0.0,0
2024-12-18,684.5,0.0,0.0,0
2024-12-19,686.6,0.0,0.0,0
2024-12-20,719.4,0.1,0.0,0
2024-12-21,738.5,1.3,0.0,0
2024-12-22,367.0,0.0,0.0,1
2024-12-23,712.2,0.0,0.0,0
2024-12-24,747.5,0.0,0.0,0
2024-12-25,744.5,0.0,0.0,0
2024-12-26,452.4,0.0,8.0,0
2024-12-27,451.0,0.0,8.0,0
2024-12-28,518.1,0.7,8.0,0
2024-12-29,276.0,0.1,8.0,1
2024-12-30,704.2,0.0,0.0,0
2024-12-31,702.7,0.0,0.0,0
2025-01-01,699.4,0.0,0.0,0
2025-01-02,763.8,0.0,0.0,0
2025-01-03,838.4,0.0,0.0,0
2025-01-04,800.7,0.0,0.0,0
2025-01-05,417.5,0.0,0.0,1
2025-01-06,835.7,0.0,0.0,0
2025-01-07,780.7,0.0,0.0,0
2025-01-08,792.3,0.0,0.0,0
2025-01-09,831.0,0.0,0.0,0
2025-01-10,752.9,0.0,0.0,0
2025-01-11,711.4,0.0,0.0,0
2025-01-12,420.3,0.0,0.0,1
2025-01-13,725.4,0.5,0.0,0
2025-01-14,760.2,0.0,0.0,0
2025-01-15,858.0,0.0,0.0,0
2025-01-16,813.6,0.0,0.0,0
2025-01-17,811.9,0.0,0.0,0
2025-01-18,753.1,0.0,0.0,0
2025-01-19,435.3,0.0,0.0,1
2025-01-20,722.5,0.0,0.0,0
2025-01-21,785.5,0.0,0.0,0
2025-01-22,850.4,0.0,0.0,0
2025-01-23,751.8,0.0,0.0,0
2025-01-24,757.6,0.0,0.0,0
2025-01-25,791.7,0.0,0.0,0
2025-01-26,461.3,0.0,0.0,1
2025-01-27,468.9,0.0,8.0,0
2025-01-28,534.5,0.0,8.0,0
2025-01-29,793.2,0.0,0.0,0
2025-01-30,707.5,0.0,0.0,0
2025-01-31,790.7,0.0,0.0,0
2025-02-01,799.6,0.0,0.0,0
2025-02-02,485.5,0.0,0.0,1
2025-02-03,773.0,0.0,0.0,0
2025-02-04,765.4,0.0,0.0,0
2025-02-05,797.4,0.0,0.0,0
2025-02-06,774.2,0.0,0.0,0
2025-02-07,733.1,0.0,0.0,0
2025-02-08,731.8,0.0,0.0,0
2025-02-09,384.7,0.0,0.0,1
2025-02-10,745.2,0.0,0.0,0
2025-02-11,755.7,0.0,0.0,0
2025-02-12,665.6,0.0,0.0,0
2025-02-13,854.7,0.0,0.0,0
2025-02-14,692.0,0.0,0.0,0
2025-02-15,759.8,0.0,0.0,0
2025-02-16,405.3,0.0,0.0,1
2025-02-17,786.3,0.0,0.0,0
2025-02-18,852.4,0.0,0.0,0
2025-02-19,688.5,0.0,0.0,0
2025-02-20,798.3,0.0,0.0,0
2025-02-21,747.4,0.0,0.0,0
2025-02-22,770.3,0.0,0.0,0
2025-02-23,460.2,0.0,0.0,1
2025-02-24,817.6,0.0,0.0,0
2025-02-25,811.9,0.0,0.0,0
2025-02-26,733.0,0.0,0.0,0
2025-02-27,757.1,0.0,0.0,0
2025-02-28,780.1,0.0,0.0,0
2025-03-01,807.0,0.0,0.0,0
2025-03-02,397.3,0.0,0.0,1
2025-03-03,699.0,0.0,0.0,0
2025-03-04,732.6,0.0,0.0,0
2025-03-05,771.5,0.0,0.0,0
2025-03-06,774.3,0.0,0.0,0
2025-03-07,776.1,0.0,0.0,0
2025-03-08,792.3,0.0,0.0,0
2025-03-09,412.5,0.0,0.0,1
2025-03-10,784.0,0.0,0.0,0
2025-03-11,716.5,0.0,0.0,0
2025-03-12,717.8,0.0,0.0,0
2025-03-13,832.5,0.0,0.0,0
2025-03-14,817.6,0.0,0.0,0
2025-03-15,796.2,0.0,0.0,0
2025-03-16,421.9,0.0,0.0,1
2025-03-17,766.7,0.0,0.0,0
2025-03-18,702.7,0.0,0.0,0
2025-03-19,797.3,0.0,0.0,0
2025-03-20,795.2,0.0,0.0,0
2025-03-21,771.7,0.1,0.0,0
2025-03-22,759.5,0.0,0.0,0
2025-03-23,410.7,0.0,0.0,1
2025-03-24,653.0,0.0,0.0,0
2025-03-25,826.7,0.0,0.0,0
2025-03-26,704.5,0.0,0.0,0
2025-03-27,667.5,0.0,0.0,0
2025-03-28,772.3,0.0,0.0,0
2025-03-29,786.3,0.0,0.0,0
2025-03-30,440.4,0.0,0.0,1
2025-03-31,780.4,0.0,0.0,0
2025-04-01,735.8,0.0,0.0,0
2025-04-02,653.3,0.0,0.0,0
2025-04-03,721.0,2.2,0.0,0
2025-04-04,698.0,0.0,0.0,0
2025-04-05,739.1,0.0,0.0,0
2025-04-06,418.3,0.0,0.0,1
2025-04-07,790.3,0.0,0.0,0
2025-04-08,732.8,0.0,0.0,0
2025-04-09,732.6,0.0,0.0,0
2025-04-10,668.9,0.1,0.0,0
2025-04-11,783.9,0.0,0.0,0
2025-04-12,718.5,0.0,0.0,0
2025-04-13,423.4,0.0,0.0,1
2025-04-14,685.8,0.0,0.0,0
2025-04-15,704.9,0.0,0.0,0
2025-04-16,518.2,0.0,8.0,0
2025-04-17,428.1,0.0,8.0,0
2025-04-18,500.1,0.0,8.0,0
2025-04-19,693.6,0.0,0.0,0
2025-04-20,404.9,0.0,0.0,1
2025-04-21,760.4,0.0,0.0,0
2025-04-22,802.4,0.0,0.0,0
2025-04-23,739.7,0.0,0.0,0
2025-04-24,742.3,0.0,0.0,0
2025-04-25,750.1,0.0,0.0,0
2025-04-26,743.1,0.0,0.0,0
2025-04-27,386.5,0.0,0.0,1
2025-04-28,802.7,0.0,0.0,0
2025-04-29,716.4,0.2,0.0,0
2025-04-30,725.0,0.0,0.0,0
2025-05-01,754.7,0.5,0.0,0
2025-05-02,759.1,0.0,0.0,0
2025-05-03,726.8,4.1,0.0,0
2025-05-04,389.4,0.7,0.0,1
2025-05-05,708.4,2.6,0.0,0
2025-05-06,760.1,0.0,0.0,0
2025-05-07,775.8,0.0,0.0,0
2025-05-08,739.5,0.0,0.0,0
2025-05-09,646.4,0.0,0.0,0
2025-05-10,705.4,0.5,0.0,0
2025-05-11,420.5,0.1,0.0,1
2025-05-12,721.1,0.3,0.0,0
2025-05-13,697.2,0.2,0.0,0
2025-05-14,712.3,0.1,0.0,0
2025-05-15,723.6,0.0,0.0,0
2025-05-16,738.8,0.0,0.0,0
2025-05-17,701.8,0.1,0.0,0
2025-05-18,372.9,0.0,0.0,1
2025-05-19,747.7,2.4,0.0,0
2025-05-20,730.8,0.0,0.0,0
2025-05-21,669.3,0.3,0.0,0
2025-05-22,760.6,0.0,0.0,0
2025-05-23,737.3,0.1,0.0,0
2025-05-24,737.2,2.9,0.0,0
2025-05-25,401.0,4.5,0.0,1
2025-05-26,777.8,1.4,0.0,0
2025-05-27,663.5,9.6,0.0,0
2025-05-28,648.9,0.1,0.0,0
2025-05-29,712.9,0.2,0.0,0
2025-05-30,747.5,1.5,0.0,0
2025-05-31,685.6,0.0,0.0,0
2025-06-01,372.0,0.0,0.0,1
2025-06-02,795.4,0.7,0.0,0
2025-06-03,709.8,0.0,0.0,0
2025-06-04,676.3,4.1,0.0,0
2025-06-05,649.9,0.0,0.0,0
2025-06-06,707.3,0.0,0.0,0
2025-06-07,711.1,0.0,0.0,0
2025-06-08,399.4,0.0,0.0,1
2025-06-09,776.7,0.0,0.0,0
2025-06-10,668.7,0.1,0.0,0
2025-06-11,696.0,0.0,0.0,0
2025-06-12,752.1,0.2,0.0,0
2025-06-13,755.3,0.2,0.0,0
2025-06-14,736.7,0.0,0.0,0
2025-06-15,385.5,0.0,0.0,1
2025-06-16,749.4,3.9,0.0,0
2025-06-17,717.1,12.5,0.0,0
2025-06-18,661.2,0.0,0.0,0
2025-06-19,685.9,27.8,0.0,0
2025-06-20,644.0,18.6,0.0,0
2025-06-21,576.5,1.1,0.0,0
2025-06-22,336.5,9.1,0.0,1
2025-06-23,656.5,10.8,0.0,0
2025-06-24,536.9,47.0,0.0,0
2025-06-25,498.7,6.3,0.0,0
2025-06-26,545.3,11.5,0.0,0
2025-06-27,526.4,20.0,0.0,0
2025-06-28,496.2,17.3,0.0,0
2025-06-29,279.2,20.4,0.0,1
2025-06-30,449.7,37.2,0.0,0
2025-07-01,452.1,55.2,0.0,0
2025-07-02,413.8,17.1,0.0,0
2025-07-03,364.7,40.2,0.0,0
2025-07-04,419.1,47.4,0.0,0
2025-07-05,407.9,12.0,0.0,0
2025-07-06,226.4,53.1,0.0,1
2025-07-07,399.2,91.9,0.0,0
2025-07-08,398.6,35.2,0.0,0
2025-07-09,451.0,28.2,0.0,0
2025-07-10,406.9,6.4,0.0,0
2025-07-11,394.9,18.1,0.0,0
2025-07-12,415.6,12.7,0.0,0
2025-07-13,214.4,5.7,0.0,1
2025-07-14,530.7,1.0,0.0,0
2025-07-15,556.7,5.1,0.0,0
2025-07-16,645.8,7.6,0.0,0
2025-07-17,621.5,10.6,0.0,0
2025-07-18,642.9,1.3,0.0,0
2025-07-19,733.9,0.0,0.0,0
2025-07-20,393.2,4.8,0.0,1
2025-07-21,655.8,17.3,0.0,0
2025-07-22,690.0,11.2,0.0,0
2025-07-23,526.0,49.5,0.0,0
2025-07-24,550.1,17.6,0.0,0
2025-07-25,475.4,40.3,0.0,0
2025-07-26,381.0,48.2,0.0,0
2025-07-27,227.4,5.2,0.0,1
2025-07-28,412.7,10.6,0.0,0
2025-07-29,428.2,35.8,0.0,0
2025-07-30,467.9,2.5,0.0,0
2025-07-31,502.0,3.0,0.0,0
2025-08-01,496.7,0.5,0.0,0
2025-08-02,679.9,0.2,0.0,0
2025-08-03,342.6,1.6,0.0,1
2025-08-04,603.2,0.4,0.0,0
2025-08-05,637.9,2.7,0.0,0
2025-08-06,636.2,5.6,0.0,0
2025-08-07,647.4,1.8,0.0,0
2025-08-08,732.6,6.8,0.0,0
2025-08-09,735.6,2.5,0.0,0
2025-08-10,402.1,2.8,0.0,1
2025-08-11,721.8,3.8,0.0,0
2025-08-12,688.3,6.3,0.0,0
2025-08-13,600.1,49.0,0.0,0
2025-08-14,604.6,8.3,0.0,0
2025-08-15,371.4,16.4,8.0,0
2025-08-16,330.7,28.9,8.0,0
2025-08-17,298.5,0.5,0.0,1
2025-08-18,489.4,24.8,0.0,0
2025-08-19,495.6,28.2,0.0,0
2025-08-20,571.4,13.8,0.0,0
2025-08-21,452.3,21.7,0.0,0
2025-08-22,487.8,23.2,0.0,0
2025-08-23,484.1,20.7,0.0,0
2025-08-24,281.2,23.6,0.0,1
2025-08-25,448.6,14.9,0.0,0
2025-08-26,482.7,11.5,0.0,0
2025-08-27,374.5,6.8,8.0,0
2025-08-28,481.9,9.2,0.0,0
2025-08-29,629.1,1.9,0.0,0
2025-08-30,520.0,3.1,0.0,0
2025-08-31,318.8,13.9,0.0,1
2025-09-01,585.9,42.5,0.0,0
2025-09-02,610.1,26.8,0.0,0
2025-09-03,509.3,28.8,0.0,0
2025-09-04,550.9,13.3,0.0,0
2025-09-05,465.7,1.0,0.0,0
2025-09-06,513.1,3.4,0.0,0
2025-09-07,284.8,12.2,0.0,1
2025-09-08,538.1,2.6,0.0,0
2025-09-09,588.0,5.2,0.0,0
2025-09-10,701.5,3.6,0.0,0
2025-09-11,689.4,9.4,0.0,0
2025-09-12,629.0,11.7,0.0,0
2025-09-13,701.6,40.1,0.0,0
2025-09-14,323.8,5.2,0.0,1
2025-09-15,585.9,20.1,0.0,0
2025-09-16,534.1,7.3,0.0,0
2025-09-17,542.3,2.0,0.0,0
2025-09-18,598.3,5.1,0.0,0
2025-09-19,586.0,0.3,0.0,0
2025-09-20,599.8,2.9,0.0,0
2025-09-21,357.9,0.2,0.0,1
2025-09-22,733.0,0.0,0.0,0
2025-09-23,775.2,0.1,0.0,0
2025-09-24,452.1,7.4,8.0,0
2025-09-25,487.5,10.6,8.0,0
2025-09-26,592.9,10.8,0.0,0
2025-09-27,615.2,17.5,0.0,0
2025-09-28,334.0,2.4,0.0,1
2025-09-29,632.6,0.8,0.0,0
2025-09-30,591.2,3.1,0.0,0
2025-10-01,642.7,6.8,0.0,0
2025-10-02,426.3,8.5,8.0,0
2025-10-03,496.4,1.9,8.0,0
2025-10-04,422.8,1.4,8.0,0
2025-10-05,231.2,15.3,8.0,1
2025-10-06,461.2,7.2,8.0,0
2025-10-07,571.0,7.0,0.0,0
2025-10-08,698.8,0.0,0.0,0
2025-10-09,647.6,0.4,0.0,0
2025-10-10,617.2,1.6,0.0,0
2025-10-11,464.9,0.3,8.0,0
2025-10-12,269.6,0.2,8.0,1
2025-10-13,482.4,0.7,8.0,0
2025-10-14,746.4,0.1,0.0,0
2025-10-15,792.0,0.1,0.0,0
2025-10-16,758.2,0.1,0.0,0
2025-10-17,523.8,0.0,8.0,0
2025-10-18,538.8,0.1,8.0,0
2025-10-19,283.9,0.0,8.0,1
2025-10-20,472.6,0.8,8.0,0
2025-10-21,454.7,0.2,8.0,0
2025-10-22,698.6,0.0,0.0,0
2025-10-23,694.8,0.1,0.0,0
2025-10-24,770.0,0.0,0.0,0
2025-10-25,496.1,3.8,8.0,0
2025-10-26,274.3,9.9,8.0,1
2025-10-27,410.9,0.0,8.0,0
2025-10-28,694.0,1.2,0.0,0
2025-10-29,669.8,3.5,0.0,0
2025-10-30,656.2,14.9,0.0,0
2025-10-31,655.8,13.1,0.0,0
2025-11-01,706.7,0.2,0.0,0
2025-11-02,361.3,1.0,0.0,1
2025-11-03,775.0,0.2,0.0,0
2025-11-04,620.1,0.0,0.0,0
2025-11-05,668.5,0.0,0.0,0
2025-11-06,707.6,0.0,0.0,0
2025-11-07,677.4,0.0,0.0,0
2025-11-08,760.4,0.0,0.0,0
2025-11-09,406.9,0.0,0.0,1
2025-11-10,736.1,0.0,0.0,0
2025-11-11,803.3,0.0,0.0,0
2025-11-12,689.7,0.0,0.0,0
2025-11-13,798.1,0.0,0.0,0
2025-11-14,764.6,0.0,0.0,0
2025-11-15,783.9,0.0,0.0,0
2025-11-16,391.4,0.0,0.0,1
2025-11-17,729.1,0.0,0.0,0
2025-11-18,739.8,0.0,0.0,0
2025-11-19,754.5,0.0,0.0,0
2025-11-20,766.8,0.0,0.0,0
2025-11-21,706.0,0.0,0.0,0
2025-11-22,706.9,0.0,0.0,0
2025-11-23,381.7,0.0,0.0,1
2025-11-24,711.1,0.0,0.0,0
2025-11-25,740.0,0.0,0.0,0
2025-11-26,697.8,0.0,0.0,0
2025-11-27,786.7,0.0,0.0,0
2025-11-28,791.4,0.0,0.0,0
2025-11-29,714.6,0.0,0.0,0
2025-11-30,410.0,0.0,0.0,1
2025-12-01,771.5,0.0,0.0,0
2025-12-02,738.7,0.0,0.0,0
2025-12-03,767.1,0.0,0.0,0
2025-12-04,725.1,0.0,0.0,0
2025-12-05,691.9,0.0,0.0,0
2025-12-06,724.7,0.0,0.0,0
2025-12-07,444.7,0.0,0.0,1
2025-12-08,690.2,0.0,0.0,0
2025-12-09,704.2,0.0,0.0,0
2025-12-10,825.6,0.0,0.0,0
2025-12-11,686.6,0.0,0.0,0
2025-12-12,748.9,0.0,0.0,0
2025-12-13,710.2,0.0,0.0,0
2025-12-14,421.5,0.0,0.0,1
2025-12-15,718.6,0.0,0.0,0
2025-12-16,708.0,0.0,0.0,0
2025-12-17,798.6,0.0,0.0,0
2025-12-18,808.6,0.0,0.0,0
2025-12-19,805.8,0.0,0.0,0
2025-12-20,657.7,0.0,0.0,0
2025-12-21,451.9,0.0,0.0,1
2025-12-22,670.2,0.0,0.0,0
2025-12-23,734.4,0.0,0.0,0
2025-12-24,678.1,0.0,0.0,0
2025-12-25,750.2,0.0,0.0,0
2025-12-26,765.5,0.0,0.0,0
2025-12-27,659.4,0.0,0.0,0
2025-12-28,408.9,0.0,0.0,1
2025-12-29,754.1,0.0,0.0,0
2025-12-30,798.4,0.0,0.0,0
2025-12-31,696.7,0.0,0.0,0
2026-01-01,774.6,0.0,0.0,0
2026-01-02,741.6,0.0,0.0,0
2026-01-03,823.1,0.0,0.0,0
2026-01-04,400.3,0.0,0.0,1
2026-01-05,813.9,0.0,0.0,0
2026-01-06,770.4,0.0,0.0,0
2026-01-07,750.1,0.0,0.0,0
2026-01-08,773.9,0.0,0.0,0
2026-01-09,754.5,0.0,0.0,0
2026-01-10,784.3,0.0,0.0,0
2026-01-11,428.0,0.0,0.0,1
2026-01-12,788.3,0.0,0.0,0
2026-01-13,770.6,0.0,0.0,0
2026-01-14,745.5,0.0,0.0,0
2026-01-15,728.7,0.0,0.0,0
2026-01-16,922.6,0.0,0.0,0
2026-01-17,732.8,0.0,0.0,0
2026-01-18,437.4,0.0,0.0,1
2026-01-19,775.2,0.0,0.0,0
2026-01-20,753.6,0.0,0.0,0
2026-01-21,845.5,0.0,0.0,0
2026-01-22,745.3,0.0,0.0,0
2026-01-23,781.3,0.0,0.0,0
2026-01-24,856.0,0.0,0.0,0
2026-01-25,410.4,0.0,0.0,1
2026-01-26,732.7,0.0,0.0,0
2026-01-27,758.7,0.0,0.0,0
2026-01-28,709.1,0.0,0.0,0
2026-01-29,481.2,0.0,8.0,0
2026-01-30,482.1,0.0,8.0,0
2026-01-31,723.2,0.0,0.0,0
2026-02-01,441.3,0.0,0.0,1
2026-02-02,773.2,0.0,0.0,0
2026-02-03,745.6,0.0,0.0,0
2026-02-04,828.4,0.0,0.0,0
2026-02-05,678.8,0.0,0.0,0
2026-02-06,836.1,0.0,0.0,0
2026-02-07,750.3,0.0,0.0,0
2026-02-08,365.6,0.0,0.0,1
2026-02-09,871.1,0.0,0.0,0
2026-02-10,480.7,0.0,8.0,0
2026-02-11,536.7,0.0,8.0,0
2026-02-12,777.5,0.0,0.0,0
2026-02-13,760.7,0.0,0.0,0
2026-02-14,749.2,0.0,0.0,0
2026-02-15,427.9,0.0,0.0,1
2026-02-16,753.9,0.0,0.0,0
2026-02-17,792.2,0.0,0.0,0
2026-02-18,732.2,0.0,0.0,0
2026-02-19,752.2,0.0,0.0,0
2026-02-20,757.4,0.0,0.0,0
2026-02-21,803.4,0.0,0.0,0
2026-02-22,419.0,0.0,0.0,1
2026-02-23,819.9,0.0,0.0,0
2026-02-24,747.2,0.0,0.0,0
2026-02-25,812.5,0.0,0.0,0
2026-02-26,770.1,0.0,0.0,0
2026-02-27,791.6,0.0,0.0,0
2026-02-28,740.0,0.0,0.0,0
2026-03-01,421.6,0.0,0.0,1
2026-03-02,734.1,0.0,0.0,0
2026-03-03,786.1,0.0,0.0,0
2026-03-04,764.8,0.0,0.0,0
2026-03-05,718.9,0.0,0.0,0
2026-03-06,694.2,0.0,0.0,0
2026-03-07,805.5,0.0,0.0,0
2026-03-08,428.9,0.0,0.0,1
2026-03-09,826.9,0.0,0.0,0
2026-03-10,741.7,0.0,0.0,0
2026-03-11,777.8,0.0,0.0,0
2026-03-12,807.9,0.0,0.0,0
2026-03-13,691.5,0.0,0.0,0
2026-03-14,817.8,0.0,0.0,0
2026-03-15,461.2,0.0,0.0,1
2026-03-16,781.1,0.0,0.0,0
2026-03-17,851.4,0.0,0.0,0
2026-03-18,771.9,0.0,0.0,0
2026-03-19,692.1,0.0,0.0,0
2026-03-20,793.3,0.4,0.0,0
2026-03-21,746.1,0.0,0.0,0
2026-03-22,431.8,0.0,0.0,1
2026-03-23,749.2,0.0,0.0,0
2026-03-24,784.8,0.0,0.0,0
2026-03-25,798.9,0.0,0.0,0
2026-03-26,661.3,0.0,0.0,0
2026-03-27,798.9,0.0,0.0,0
2026-03-28,781.8,0.0,0.0,0
2026-03-29,417.5,0.0,0.0,1
2026-03-30,754.9,0.2,0.0,0
2026-03-31,728.8,1.7,0.0,0
2026-04-01,752.2,0.0,0.0,0
2026-04-02,717.9,0.0,0.0,0
2026-04-03,674.5,0.0,0.0,0
2026-04-04,778.7,0.0,0.0,0
2026-04-05,406.4,0.0,0.0,1
2026-04-06,751.6,0.0,0.0,0
2026-04-07,826.5,0.0,0.0,0
2026-04-08,763.6,0.0,0.0,0
2026-04-09,681.2,0.0,0.0,0
2026-04-10,701.3,0.0,0.0,0
2026-04-11,733.0,0.0,0.0,0
2026-04-12,385.0,0.0,0.0,1
2026-04-13,764.7,0.0,0.0,0
2026-04-14,469.0,0.0,8.0,0
2026-04-15,453.4,0.0,8.0,0
2026-04-16,488.4,0.0,8.0,0
2026-04-17,692.6,0.0,0.0,0
2026-04-18,731.4,0.0,0.0,0
2026-04-19,434.2,0.0,0.0,1
2026-04-20,714.1,0.0,0.0,0
2026-04-21,764.1,0.0,0.0,0
2026-04-22,706.5,0.0,0.0,0
2026-04-23,805.6,0.0,0.0,0
2026-04-24,712.4,0.0,0.0,0
2026-04-25,664.2,0.0,0.0,0
2026-04-26,427.9,0.0,0.0,1
2026-04-27,757.7,0.0,0.0,0
2026-04-28,750.4,0.0,0.0,0
2026-04-29,807.5,0.0,0.0,0
2026-04-30,776.4,0.0,0.0,0
2026-05-01,680.8,0.0,0.0,0
2026-05-02,717.9,0.4,0.0,0
2026-05-03,433.7,0.0,0.0,1
2026-05-04,529.9,0.0,8.0,0
2026-05-05,528.9,0.0,8.0,0
2026-05-06,478.0,0.0,8.0,0
2026-05-07,505.5,0.0,8.0,0
2026-05-08,787.3,0.0,0.0,0
2026-05-09,738.2,0.7,0.0,0
2026-05-10,391.3,0.0,0.0,1
2026-05-11,682.0,0.0,0.0,0
2026-05-12,761.9,2.0,0.0,0
2026-05-13,720.5,0.1,0.0,0
2026-05-14,488.3,0.1,8.0,0
2026-05-15,348.1,0.3,16.0,0
2026-05-16,361.5,0.0,16.0,0
2026-05-17,210.4,0.0,16.0,1
2026-05-18,530.4,0.0,8.0,0
2026-05-19,757.0,0.1,0.0,0
2026-05-20,782.7,0.0,0.0,0
2026-05-21,670.3,0.0,0.0,0
2026-05-22,730.9,0.0,0.0,0
2026-05-23,825.0,0.0,0.0,0
2026-05-24,444.3,0.0,0.0,1
2026-05-25,716.6,0.0,0.0,0
2026-05-26,756.3,0.0,0.0,0
2026-05-27,685.3,0.0,0.0,0
2026-05-28,775.3,0.0,0.0,0
2026-05-29,741.0,0.1,0.0,0
2026-05-30,666.6,3.6,0.0,0
2026-05-31,380.2,0.0,0.0,1
2026-06-01,717.5,0.0,0.0,0
2026-06-02,706.9,0.0,0.0,0
2026-06-03,744.4,0.1,0.0,0
2026-06-04,667.9,4.1,0.0,0
2026-06-05,681.0,0.0,0.0,0
2026-06-06,676.1,0.2,0.0,0
2026-06-07,415.9,0.0,0.0,1
2026-06-08,722.4,1.1,0.0,0
2026-06-09,761.3,1.5,0.0,0
2026-06-10,708.4,0.7,0.0,0
2026-06-11,773.9,0.1,0.0,0
2026-06-12,695.5,0.2,0.0,0
2026-06-13,797.4,0.2,0.0,0
2026-06-14,366.7,10.6,0.0,1
2026-06-15,720.9,0.0,0.0,0
2026-06-16,490.3,0.2,8.0,0
2026-06-17,513.9,0.8,8.0,0
2026-06-18,470.6,3.1,8.0,0
2026-06-19,457.1,0.8,8.0,0
2026-06-20,480.4,0.1,8.0,0
2026-06-21,288.5,0.8,8.0,1
2026-06-22,506.6,1.7,8.0,0
2026-06-23,701.1,6.5,0.0,0
2026-06-24,656.1,3.4,0.0,0
2026-06-25,707.0,1.2,0.0,0
2026-06-26,718.7,4.0,0.0,0
2026-06-27,681.4,4.1,0.0,0
2026-06-28,333.4,0.4,0.0,1
2026-06-29,655.2,5.3,0.0,0
2026-06-30,613.5,30.7,0.0,0
2026-07-01,609.6,27.1,0.0,0
2026-07-02,583.0,35.3,0.0,0
2026-07-03,505.4,30.3,0.0,0
2026-07-04,475.3,18.8,0.0,0
2026-07-05,258.8,12.7,0.0,1
2026-07-06,413.7,25.9,0.0,0
2026-07-07,412.2,17.4,0.0,0
2026-07-08,496.8,9.2,0.0,0
2026-07-09,545.7,16.9,0.0,0
2026-07-10,531.9,6.4,0.0,0
2026-07-11,546.4,1.3,0.0,0
2026-07-12,331.9,0.5,0.0,1
2026-07-13,631.2,0.9,0.0,0
2026-07-14,604.3,1.1,0.0,0
2026-07-15,673.2,0.1,0.0,0
2026-07-16,710.0,15.8,0.0,0
2026-07-17,622.3,34.9,0.0,0
2026-07-18,563.7,14.2,0.0,0
2026-07-19,291.2,13.3,0.0,1
2026-07-20,561.3,15.7,0.0,0
2026-07-21,486.9,46.4,0.0,0
2026-07-22,452.9,16.7,0.0,0
2026-07-23,434.2,10.7,0.0,0
2026-07-24,517.6,3.8,0.0,0
2026-07-25,508.3,1.3,0.0,0
2026-07-26,327.7,4.1,0.0,1
2026-07-27,521.7,20.2,0.0,0
2026-07-28,557.8,16.1,0.0,0
2026-07-29,567.5,41.2,0.0,0
2026-07-30,587.7,3.9,0.0,0
2026-07-31,600.4,3.1,0.0,0
2026-08-01,507.0,3.0,0.0,0
2026-08-02,302.4,1.7,0.0,1
2026-08-03,634.8,0.9,0.0,0
2026-08-04,653.9,9.3,0.0,0
2026-08-05,712.7,10.9,0.0,0
2026-08-06,640.5,10.2,0.0,0
2026-08-07,658.6,13.5,0.0,0
2026-08-08,656.1,21.0,0.0,0
2026-08-09,308.1,38.0,0.0,1
2026-08-10,521.3,10.3,0.0,0
2026-08-11,557.6,3.5,0.0,0
2026-08-12,503.4,7.8,0.0,0
2026-08-13,600.0,4.2,0.0,0
2026-08-14,555.4,4.4,0.0,0
2026-08-15,569.6,28.2,0.0,0
2026-08-16,307.7,9.5,0.0,1
2026-08-17,666.7,16.1,0.0,0
2026-08-18,509.5,10.4,0.0,0
2026-08-19,595.7,24.2,0.0,0
2026-08-20,504.6,13.9,0.0,0
2026-08-21,498.0,13.8,0.0,0
2026-08-22,530.6,27.7,0.0,0
2026-08-23,286.8,7.0,0.0,1
2026-08-24,487.1,18.6,0.0,0
2026-08-25,536.0,27.2,0.0,0
2026-08-26,483.4,8.2,0.0,0
2026-08-27,520.1,32.1,0.0,0
2026-08-28,538.5,5.4,0.0,0
2026-08-29,301.1,52.8,8.0,0
2026-08-30,180.3,1.7,8.0,1
2026-08-31,323.5,5.9,8.0,0
2026-09-01,350.8,2.2,8.0,0
