cell_id,latitude,longitude,elevation_m,iron_oxide_idx,clay_alter_idx,ndvi,surface_reflectance,slope_deg,aspect_deg,spectral_anomaly,mineralisation_score,cloud_cover,satellite_confidence,is_target
OBS-0025-0020,21.827297,80.346361,174.3,0.3029,0.3412,0.5387,0.2051,7.8,251.3,0.3418,0.3559,0.03,0.966,False
OBS-0025-0070,21.827748,80.346361,185.2,0.2543,0.2889,0.4775,0.1757,8.69,301.7,0.5375,0.3335,0.313,0.368,False
OBS-0025-0120,21.828198,80.346361,172.5,0.3676,0.3925,0.5299,0.2362,13.2,14.5,0.1168,0.402,0.089,0.801,False
OBS-0025-0170,21.828649,80.346361,185.1,0.4626,0.4616,0.4857,0.2791,11.92,72.6,0.1914,0.4752,0.4,0.3,False
OBS-0025-0220,21.829099,80.346361,201.3,0.4481,0.4121,0.3,0.2556,17.44,45.0,0.0674,0.4985,0.4,0.3,False
OBS-0025-0270,21.82955,80.346361,203.1,0.526,0.4755,0.2969,0.2937,18.47,181.6,0.3414,0.5526,0.151,0.813,False
OBS-0025-0320,21.83,80.346361,204.3,0.6962,0.6141,0.2909,0.3771,23.26,268.3,0.9401,0.6707,0.158,0.689,True
OBS-0025-0370,21.83045,80.346361,200.9,0.588,0.5323,0.326,0.3268,22.54,226.8,0.5717,0.59,0.158,0.774,False
OBS-0025-0420,21.830901,80.346361,192.2,0.5091,0.4811,0.3934,0.2939,18.42,306.4,0.3195,0.5237,0.017,0.983,False
OBS-0025-0470,21.831351,80.346361,193.1,0.4761,0.4466,0.357,0.2744,19.8,55.9,0.1886,0.5075,0.165,0.718,False
OBS-0025-0520,21.831802,80.346361,184.0,0.4829,0.475,0.4694,0.2877,15.06,264.5,0.2567,0.492,0.159,0.645,False
OBS-0025-0570,21.832252,80.346361,182.9,0.4314,0.4376,0.4934,0.2644,12.24,69.5,0.0845,0.4524,0.1,0.756,False
OBS-0025-0620,21.832703,80.346361,175.0,0.4038,0.4086,0.4621,0.2481,13.01,97.5,0.0154,0.439,0.178,0.666,False
OBS-0075-0020,21.827297,80.346846,174.0,0.3249,0.3677,0.5808,0.2196,9.88,255.6,0.2478,0.3634,0.4,0.3,False
OBS-0075-0070,21.827748,80.346846,174.4,0.2904,0.3346,0.5572,0.2005,9.27,352.9,0.3789,0.344,0.245,0.511,False
OBS-0075-0120,21.828198,80.346846,175.6,0.3018,0.3246,0.4612,0.1977,8.69,220.2,0.3761,0.3691,0.153,0.63,False
OBS-0075-0170,21.828649,80.346846,177.4,0.443,0.4401,0.459,0.2671,14.71,19.6,0.1119,0.4665,0.139,0.654,False
OBS-0075-0220,21.829099,80.346846,202.9,0.546,0.4941,0.308,0.3045,20.22,221.9,0.4163,0.5643,0.323,0.3,False
OBS-0075-0270,21.82955,80.346846,202.5,0.6372,0.583,0.3767,0.3556,25.96,15.2,0.7654,0.6147,0.258,0.396,False
OBS-0075-0320,21.83,80.346846,201.5,0.6595,0.5859,0.301,0.3599,26.55,318.3,0.8144,0.6436,0.127,0.752,True
OBS-0075-0370,21.83045,80.346846,198.9,0.5982,0.5412,0.3287,0.3321,19.04,255.4,0.6087,0.5965,0.144,0.769,False
OBS-0075-0420,21.830901,80.346846,192.8,0.583,0.5238,0.3044,0.3225,20.2,62.3,0.5456,0.5904,0.037,0.925,False
OBS-0075-0470,21.831351,80.346846,189.9,0.5815,0.5487,0.4332,0.3331,15.6,33.0,0.591,0.5663,0.033,0.822,False
OBS-0075-0520,21.831802,80.346846,181.4,0.4103,0.4101,0.4435,0.2496,12.77,66.1,0.0,0.4468,0.058,0.875,False
OBS-0075-0570,21.832252,80.346846,179.7,0.2775,0.3134,0.5047,0.1896,10.12,352.8,0.4448,0.3445,0.183,0.626,False
OBS-0075-0620,21.832703,80.346846,176.4,0.3509,0.3659,0.4658,0.2223,14.45,165.1,0.2008,0.402,0.189,0.728,False
OBS-0125-0020,21.827297,80.347331,177.8,0.3213,0.3571,0.543,0.2145,8.49,282.3,0.2753,0.3677,0.1,0.726,False
OBS-0125-0070,21.827748,80.347331,171.7,0.3131,0.3492,0.5367,0.2099,8.54,229.1,0.3065,0.3633,0.006,0.969,False
OBS-0125-0120,21.828198,80.347331,178.0,0.3422,0.3702,0.5224,0.223,6.55,206.1,0.2093,0.3859,0.233,0.618,False
OBS-0125-0170,21.828649,80.347331,179.0,0.3773,0.395,0.5025,0.2386,11.76,52.2,0.0931,0.4135,0.156,0.71,False
OBS-0125-0220,21.829099,80.347331,193.9,0.5464,0.5366,0.5161,0.3231,14.08,340.6,0.4995,0.5274,0.13,0.769,False
OBS-0125-0270,21.82955,80.347331,193.6,0.5444,0.5005,0.3461,0.3071,18.01,108.5,0.4255,0.5564,0.013,0.979,False
OBS-0125-0320,21.83,80.347331,191.9,0.5812,0.5249,0.3168,0.3227,18.76,208.1,0.5443,0.587,0.045,0.926,False
OBS-0125-0370,21.83045,80.347331,197.3,0.6237,0.5505,0.2711,0.3396,22.2,251.9,0.6764,0.6244,0.396,0.3,False
OBS-0125-0420,21.830901,80.347331,204.1,0.6992,0.6228,0.3219,0.3813,19.95,233.7,0.9629,0.6672,0.185,0.589,True
OBS-0125-0470,21.831351,80.347331,187.0,0.558,0.531,0.441,0.3222,14.85,338.6,0.5111,0.5488,0.4,0.3,False
OBS-0125-0520,21.831802,80.347331,183.3,0.3774,0.3877,0.4659,0.2354,16.98,53.4,0.1072,0.4202,0.146,0.638,False
OBS-0125-0570,21.832252,80.347331,177.5,0.3381,0.3503,0.4407,0.2138,9.57,183.0,0.2559,0.3977,0.2,0.616,False
OBS-0125-0620,21.832703,80.347331,192.6,0.3489,0.358,0.4353,0.2186,10.32,145.5,0.22,0.4061,0.213,0.582,False
OBS-0175-0020,21.827297,80.347816,167.5,0.3437,0.3745,0.5375,0.2251,14.3,170.7,0.1981,0.3842,0.334,0.301,False
OBS-0175-0070,21.827748,80.347816,177.2,0.3464,0.3776,0.5421,0.2268,16.42,42.9,0.1869,0.3852,0.19,0.618,False
OBS-0175-0120,21.828198,80.347816,171.0,0.3448,0.3737,0.5296,0.2249,8.44,48.3,0.1975,0.3863,0.141,0.687,False
OBS-0175-0170,21.828649,80.347816,176.5,0.3333,0.3493,0.4553,0.2127,11.03,100.1,0.2672,0.3917,0.363,0.3,False
OBS-0175-0220,21.829099,80.347816,188.0,0.4593,0.4497,0.44,0.2735,15.95,109.7,0.162,0.4811,0.194,0.594,False
OBS-0175-0270,21.82955,80.347816,183.6,0.5483,0.5104,0.3789,0.3119,22.06,154.0,0.4522,0.5532,0.055,0.835,False
OBS-0175-0320,21.83,80.347816,205.4,0.6571,0.5879,0.3204,0.3604,20.43,220.0,0.8136,0.6385,0.01,0.997,False
OBS-0175-0370,21.83045,80.347816,210.5,0.64,0.5849,0.3745,0.3568,20.55,228.5,0.7746,0.6171,0.324,0.3,False
OBS-0175-0420,21.830901,80.347816,197.8,0.6092,0.5545,0.3495,0.3394,22.23,148.3,0.6561,0.6004,0.118,0.8,False
OBS-0175-0470,21.831351,80.347816,187.3,0.4585,0.4552,0.4705,0.2758,15.59,147.2,0.1712,0.4751,0.131,0.678,False
OBS-0175-0520,21.831802,80.347816,188.1,0.4038,0.4086,0.4623,0.2481,12.71,78.3,0.0156,0.4389,0.103,0.766,False
OBS-0175-0570,21.832252,80.347816,179.9,0.385,0.3984,0.4884,0.2411,12.26,211.8,0.0716,0.4213,0.085,0.799,False
OBS-0175-0620,21.832703,80.347816,178.3,0.4009,0.4142,0.5019,0.2501,9.95,114.1,0.0185,0.4299,0.188,0.69,False
OBS-0225-0020,21.827297,80.348302,167.3,0.3051,0.3188,0.419,0.1956,11.19,13.0,0.381,0.3789,0.079,0.858,False
OBS-0225-0070,21.827748,80.348302,176.4,0.2766,0.3143,0.5126,0.1898,8.79,150.6,0.445,0.3425,0.094,0.801,False
OBS-0225-0120,21.828198,80.348302,176.6,0.3192,0.3421,0.4769,0.2077,11.5,170.7,0.3085,0.3782,0.25,0.525,False
OBS-0225-0170,21.828649,80.348302,174.6,0.342,0.3557,0.4519,0.2167,10.94,81.2,0.2378,0.3983,0.072,0.751,False
OBS-0225-0220,21.829099,80.348302,188.5,0.4498,0.4361,0.4116,0.2663,16.45,206.1,0.1172,0.4797,0.24,0.519,False
OBS-0225-0270,21.82955,80.348302,195.3,0.6278,0.5848,0.4238,0.3551,21.9,203.7,0.7507,0.5998,0.347,0.406,False
OBS-0225-0320,21.83,80.348302,210.1,0.7223,0.6188,0.2084,0.3827,26.31,252.7,1.0,0.7034,0.4,0.3,True
OBS-0225-0370,21.83045,80.348302,200.4,0.6011,0.559,0.4044,0.3402,20.23,233.3,0.649,0.585,0.072,0.858,False
OBS-0225-0420,21.830901,80.348302,186.4,0.4659,0.4282,0.3074,0.265,17.82,234.9,0.1332,0.5094,0.147,0.732,False
OBS-0225-0470,21.831351,80.348302,189.4,0.405,0.404,0.4345,0.2462,13.97,113.8,0.0221,0.4448,0.05,0.945,False
OBS-0225-0520,21.831802,80.348302,167.8,0.311,0.3449,0.5244,0.2078,8.56,283.5,0.319,0.364,0.111,0.677,False
OBS-0225-0570,21.832252,80.348302,173.1,0.344,0.3738,0.533,0.2248,11.34,197.7,0.1989,0.3852,0.071,0.775,False
OBS-0225-0620,21.832703,80.348302,189.3,0.3859,0.4048,0.5163,0.244,11.88,155.3,0.0575,0.417,0.377,0.3,False
OBS-0275-0020,21.827297,80.348787,182.3,0.3533,0.3831,0.5413,0.2302,14.99,225.4,0.1627,0.3901,0.135,0.694,False
OBS-0275-0070,21.827748,80.348787,178.8,0.3358,0.3553,0.4751,0.2157,14.64,129.8,0.2507,0.3899,0.223,0.62,False
OBS-0275-0120,21.828198,80.348787,174.3,0.3407,0.3572,0.4645,0.2172,12.57,184.6,0.2375,0.3952,0.028,0.928,False
OBS-0275-0170,21.828649,80.348787,181.9,0.4479,0.4502,0.4889,0.2722,12.61,265.2,0.141,0.4645,0.068,0.768,False
OBS-0275-0220,21.829099,80.348787,193.3,0.5115,0.4804,0.3803,0.2939,15.41,319.1,0.3228,0.5277,0.127,0.683,False
OBS-0275-0270,21.82955,80.348787,206.8,0.6367,0.5534,0.2322,0.3426,25.77,331.6,0.7072,0.6403,0.167,0.528,False
OBS-0275-0320,21.83,80.348787,195.7,0.5195,0.4732,0.3122,0.2919,19.53,181.3,0.3243,0.5454,0.143,0.702,False
OBS-0275-0370,21.83045,80.348787,190.6,0.4638,0.4371,0.36,0.2686,17.71,187.3,0.1463,0.4985,0.107,0.777,False
OBS-0275-0420,21.830901,80.348787,184.4,0.4465,0.4443,0.4655,0.2694,11.01,288.0,0.1268,0.4677,0.054,0.871,False
OBS-0275-0470,21.831351,80.348787,165.3,0.2844,0.326,0.5389,0.196,10.93,113.2,0.407,0.3432,0.173,0.708,False
OBS-0275-0520,21.831802,80.348787,173.0,0.3375,0.3706,0.5439,0.2226,11.26,301.5,0.2177,0.3787,0.329,0.402,False
OBS-0275-0570,21.832252,80.348787,180.1,0.3012,0.33,0.4906,0.2,8.11,177.9,0.3668,0.3633,0.153,0.686,False
OBS-0275-0620,21.832703,80.348787,171.2,0.3488,0.3713,0.5014,0.2244,10.43,41.7,0.1944,0.3941,0.124,0.646,False
OBS-0325-0020,21.827297,80.349272,184.4,0.4497,0.4483,0.4722,0.2716,15.0,25.9,0.1407,0.4687,0.094,0.844,False
OBS-0325-0070,21.827748,80.349272,188.1,0.4999,0.4707,0.3793,0.2881,17.46,303.1,0.2814,0.5199,0.238,0.551,False
OBS-0325-0120,21.828198,80.349272,198.8,0.5953,0.5479,0.3735,0.3347,19.32,20.0,0.6163,0.5865,0.233,0.55,False
OBS-0325-0170,21.828649,80.349272,189.2,0.476,0.4492,0.3699,0.2755,16.69,101.0,0.1936,0.5052,0.173,0.702,False
OBS-0325-0220,21.829099,80.349272,205.7,0.5689,0.5183,0.3343,0.3182,19.39,120.3,0.5076,0.5754,0.152,0.639,False
OBS-0325-0270,21.82955,80.349272,203.0,0.5943,0.5358,0.3178,0.3292,21.14,62.3,0.5908,0.5958,0.013,1.0,False
OBS-0325-0320,21.83,80.349272,183.0,0.4409,0.4174,0.3551,0.2569,19.19,113.0,0.0636,0.4837,0.08,0.793,False
OBS-0325-0370,21.83045,80.349272,184.1,0.3907,0.4051,0.4983,0.2448,7.37,267.4,0.0475,0.4235,0.082,0.874,False
OBS-0325-0420,21.830901,80.349272,176.5,0.3561,0.3679,0.4548,0.2239,11.89,5.3,0.1867,0.4075,0.048,0.819,False
OBS-0325-0470,21.831351,80.349272,173.2,0.3215,0.3502,0.5079,0.2115,10.91,297.8,0.2882,0.3742,0.08,0.794,False
OBS-0325-0520,21.831802,80.349272,171.8,0.2684,0.3194,0.5712,0.191,8.7,308.4,0.4508,0.3264,0.097,0.883,False
OBS-0325-0570,21.832252,80.349272,170.5,0.2994,0.3406,0.5504,0.2044,8.52,134.0,0.3497,0.3514,0.033,0.92,False
OBS-0325-0620,21.832703,80.349272,181.2,0.3496,0.3788,0.535,0.2278,7.31,55.3,0.1784,0.3887,0.023,0.997,False
OBS-0375-0020,21.827297,80.349757,185.6,0.4744,0.4558,0.4087,0.2782,16.85,216.3,0.2031,0.4971,0.141,0.731,False
OBS-0375-0070,21.827748,80.349757,196.8,0.5856,0.5292,0.3202,0.3252,24.02,43.1,0.561,0.5894,0.03,0.935,False
OBS-0375-0120,21.828198,80.349757,192.7,0.5509,0.5096,0.3641,0.3119,15.86,131.4,0.4558,0.5577,0.147,0.774,False
OBS-0375-0170,21.828649,80.349757,198.5,0.5621,0.4955,0.2494,0.3073,22.91,345.0,0.4501,0.5859,0.095,0.798,False
OBS-0375-0220,21.829099,80.349757,212.7,0.6392,0.5528,0.2192,0.3427,23.02,358.4,0.7108,0.6444,0.149,0.613,True
OBS-0375-0270,21.82955,80.349757,194.2,0.4533,0.4243,0.3391,0.2616,16.72,278.0,0.1012,0.495,0.092,0.777,False
OBS-0375-0320,21.83,80.349757,192.1,0.3762,0.3748,0.4073,0.2296,11.59,111.9,0.1346,0.4298,0.171,0.686,False
OBS-0375-0370,21.83045,80.349757,188.4,0.3455,0.3723,0.5196,0.2244,10.31,247.6,0.1989,0.3886,0.042,0.936,False
OBS-0375-0420,21.830901,80.349757,173.4,0.3213,0.3376,0.4464,0.206,14.21,253.9,0.3131,0.3851,0.044,0.833,False
OBS-0375-0470,21.831351,80.349757,170.8,0.2433,0.2902,0.5286,0.1748,9.36,139.6,0.5564,0.3167,0.088,0.787,False
OBS-0375-0520,21.831802,80.349757,167.1,0.3268,0.3714,0.5913,0.2215,12.73,230.7,0.237,0.3629,0.344,0.3,False
OBS-0375-0570,21.832252,80.349757,168.8,0.2698,0.309,0.5142,0.1866,11.48,3.9,0.4686,0.3375,0.005,0.971,False
OBS-0375-0620,21.832703,80.349757,173.2,0.3474,0.3782,0.5411,0.2272,11.54,75.3,0.1837,0.3861,0.319,0.3,False
OBS-0425-0020,21.827297,80.350243,182.4,0.4267,0.411,0.3812,0.2522,18.93,189.0,0.028,0.4693,0.06,0.849,False
OBS-0425-0070,21.827748,80.350243,187.7,0.5124,0.4809,0.3788,0.2942,18.56,59.0,0.3254,0.5286,0.299,0.365,False
OBS-0425-0120,21.828198,80.350243,193.1,0.4978,0.4605,0.3375,0.2834,19.67,59.7,0.2575,0.5259,0.267,0.504,False
OBS-0425-0170,21.828649,80.350243,188.5,0.5264,0.4888,0.3614,0.2996,17.75,301.1,0.368,0.5413,0.113,0.814,False
OBS-0425-0220,21.829099,80.350243,198.7,0.5631,0.5306,0.4186,0.3228,18.44,356.1,0.5203,0.5563,0.033,0.926,False
OBS-0425-0270,21.82955,80.350243,181.5,0.3829,0.3696,0.3542,0.2283,13.38,200.1,0.1316,0.444,0.027,0.927,False
OBS-0425-0320,21.83,80.350243,191.4,0.3503,0.3761,0.519,0.2267,13.09,302.1,0.1822,0.392,0.152,0.703,False
OBS-0425-0370,21.83045,80.350243,178.3,0.3806,0.3947,0.4876,0.2389,10.07,356.5,0.0875,0.4185,0.109,0.74,False
OBS-0425-0420,21.830901,80.350243,178.0,0.3205,0.3412,0.4678,0.2075,12.79,51.0,0.3077,0.3807,0.027,0.888,False
OBS-0425-0470,21.831351,80.350243,170.0,0.2796,0.301,0.4351,0.1845,10.35,161.4,0.4649,0.3584,0.121,0.712,False
OBS-0425-0520,21.831802,80.350243,183.5,0.31,0.343,0.5189,0.2068,12.42,141.3,0.3246,0.3643,0.035,0.898,False
OBS-0425-0570,21.832252,80.350243,179.0,0.273,0.3089,0.5006,0.187,10.94,28.8,0.4623,0.3422,0.071,0.799,False
OBS-0425-0620,21.832703,80.350243,178.2,0.3357,0.3632,0.5142,0.2191,14.46,271.9,0.2356,0.3828,0.176,0.657,False
OBS-0475-0020,21.827297,80.350728,173.1,0.366,0.3815,0.4819,0.2312,13.61,156.2,0.1414,0.4094,0.022,0.993,False
OBS-0475-0070,21.827748,80.350728,183.5,0.4464,0.4592,0.5398,0.2759,10.08,169.0,0.1555,0.4543,0.059,0.802,False
OBS-0475-0120,21.828198,80.350728,195.1,0.6012,0.5426,0.3232,0.3331,20.78,54.2,0.6172,0.5996,0.107,0.787,False
OBS-0475-0170,21.828649,80.350728,196.1,0.4367,0.4168,0.3692,0.2561,13.56,65.1,0.0544,0.4783,0.245,0.498,False
OBS-0475-0220,21.829099,80.350728,189.0,0.4301,0.4285,0.454,0.2603,13.24,326.6,0.0643,0.4585,0.157,0.703,False
OBS-0475-0270,21.82955,80.350728,182.7,0.4002,0.4082,0.4746,0.2474,16.18,16.1,0.0232,0.4343,0.047,0.906,False
OBS-0475-0320,21.83,80.350728,165.9,0.3882,0.4152,0.5584,0.2489,12.68,83.8,0.0451,0.411,0.113,0.701,False
OBS-0475-0370,21.83045,80.350728,178.4,0.4327,0.4393,0.4965,0.2653,12.22,105.1,0.0902,0.4527,0.157,0.622,False
OBS-0475-0420,21.830901,80.350728,188.5,0.4371,0.4359,0.4617,0.2645,12.3,176.5,0.0922,0.462,0.049,0.904,False
OBS-0475-0470,21.831351,80.350728,181.6,0.361,0.3976,0.5817,0.2375,10.38,211.1,0.1196,0.3882,0.118,0.815,False
OBS-0475-0520,21.831802,80.350728,182.0,0.2871,0.3098,0.4478,0.1893,8.27,177.6,0.4333,0.3613,0.249,0.391,False
OBS-0475-0570,21.832252,80.350728,166.2,0.2787,0.3114,0.4898,0.1888,8.43,30.3,0.4466,0.348,0.069,0.879,False
OBS-0475-0620,21.832703,80.350728,179.1,0.3087,0.3285,0.4525,0.2003,11.8,87.7,0.3552,0.3753,0.291,0.478,False
OBS-0525-0020,21.827297,80.351213,182.8,0.328,0.3493,0.477,0.212,13.57,303.7,0.2775,0.3842,0.29,0.413,False
OBS-0525-0070,21.827748,80.351213,164.2,0.2348,0.2706,0.4666,0.1652,10.26,229.5,0.6107,0.322,0.065,0.898,False
OBS-0525-0120,21.828198,80.351213,182.3,0.4147,0.4239,0.4939,0.2562,8.61,233.7,0.0254,0.4408,0.068,0.828,False
OBS-0525-0170,21.828649,80.351213,184.6,0.3976,0.4003,0.4465,0.2436,14.18,241.3,0.0436,0.4375,0.291,0.413,False
OBS-0525-0220,21.829099,80.351213,181.0,0.3496,0.3497,0.3914,0.2151,13.42,274.6,0.2347,0.4144,0.093,0.732,False
OBS-0525-0270,21.82955,80.351213,173.2,0.3632,0.3654,0.4138,0.2238,14.07,20.9,0.1779,0.4197,0.03,0.823,False
OBS-0525-0320,21.83,80.351213,180.2,0.398,0.4079,0.4822,0.247,16.2,132.0,0.028,0.4314,0.031,0.985,False
OBS-0525-0370,21.83045,80.351213,187.6,0.502,0.4878,0.4551,0.2959,11.98,194.2,0.3188,0.5078,0.396,0.3,False
OBS-0525-0420,21.830901,80.351213,187.7,0.5295,0.5228,0.5165,0.3148,14.58,121.8,0.4401,0.5157,0.015,0.947,False
OBS-0525-0470,21.831351,80.351213,182.3,0.5198,0.5285,0.5839,0.316,15.54,304.0,0.4321,0.4969,0.018,0.894,False
OBS-0525-0520,21.831802,80.351213,178.5,0.3891,0.403,0.4944,0.2437,9.37,173.7,0.0548,0.4231,0.14,0.649,False
OBS-0525-0570,21.832252,80.351213,172.8,0.2532,0.2888,0.4816,0.1755,12.21,276.7,0.5399,0.3319,0.309,0.373,False
OBS-0525-0620,21.832703,80.351213,181.2,0.2863,0.2964,0.3849,0.1834,12.5,306.7,0.4608,0.372,0.181,0.602,False
OBS-0575-0020,21.827297,80.351698,178.2,0.372,0.389,0.4948,0.2353,13.78,181.7,0.115,0.4113,0.209,0.601,False
OBS-0575-0070,21.827748,80.351698,176.5,0.3233,0.3403,0.4514,0.2075,10.44,327.4,0.3039,0.3856,0.4,0.3,False
OBS-0575-0120,21.828198,80.351698,179.9,0.3475,0.3626,0.4636,0.2204,13.62,211.4,0.2138,0.4,0.053,0.911,False
OBS-0575-0170,21.828649,80.351698,171.1,0.3558,0.3658,0.4454,0.2229,14.65,306.1,0.1915,0.409,0.151,0.71,False
OBS-0575-0220,21.829099,80.351698,184.4,0.3855,0.3929,0.4592,0.2388,13.51,122.6,0.0813,0.4269,0.05,0.978,False
OBS-0575-0270,21.82955,80.351698,182.0,0.4241,0.4364,0.5171,0.2629,13.51,179.6,0.0681,0.4431,0.109,0.729,False
OBS-0575-0320,21.83,80.351698,181.6,0.3879,0.3986,0.4778,0.2416,13.32,191.3,0.0656,0.4252,0.069,0.859,False
OBS-0575-0370,21.83045,80.351698,196.8,0.5018,0.4741,0.3883,0.2899,15.52,37.8,0.2918,0.5196,0.216,0.624,False
OBS-0575-0420,21.830901,80.351698,187.1,0.5312,0.4827,0.3117,0.2976,19.02,143.5,0.3655,0.5535,0.195,0.673,False
OBS-0575-0470,21.831351,80.351698,185.3,0.4909,0.4459,0.2929,0.2761,18.3,330.2,0.2159,0.5292,0.065,0.799,False
OBS-0575-0520,21.831802,80.351698,186.4,0.4101,0.4055,0.4213,0.2476,15.09,227.1,0.0093,0.4506,0.04,0.905,False
OBS-0575-0570,21.832252,80.351698,182.1,0.3905,0.3976,0.4621,0.2415,15.12,63.9,0.0625,0.4298,0.051,0.966,False
OBS-0575-0620,21.832703,80.351698,182.3,0.441,0.4577,0.5542,0.2745,10.72,122.0,0.1421,0.448,0.4,0.3,False
OBS-0625-0020,21.827297,80.352184,176.5,0.3577,0.3771,0.4942,0.2281,11.48,69.0,0.1659,0.4015,0.08,0.85,False
OBS-0625-0070,21.827748,80.352184,179.7,0.3558,0.3874,0.5526,0.2324,13.64,8.9,0.1496,0.3898,0.024,0.941,False
OBS-0625-0120,21.828198,80.352184,178.8,0.2829,0.3162,0.4967,0.1915,8.27,333.9,0.4289,0.3497,0.302,0.377,False
OBS-0625-0170,21.828649,80.352184,176.9,0.2647,0.2942,0.4615,0.1795,8.25,161.4,0.507,0.3435,0.075,0.865,False
OBS-0625-0220,21.829099,80.352184,178.4,0.3326,0.3447,0.4356,0.2106,12.49,110.7,0.2773,0.3948,0.083,0.821,False
OBS-0625-0270,21.82955,80.352184,171.0,0.3614,0.3681,0.4344,0.2247,14.53,215.5,0.1763,0.4148,0.092,0.813,False
OBS-0625-0320,21.83,80.352184,185.6,0.4558,0.473,0.5696,0.2831,12.98,2.6,0.2003,0.4555,0.178,0.649,False
OBS-0625-0370,21.83045,80.352184,190.0,0.3866,0.3844,0.4129,0.2352,16.52,100.1,0.0957,0.436,0.288,0.39,False
OBS-0625-0420,21.830901,80.352184,202.3,0.6166,0.568,0.3864,0.3463,21.95,253.1,0.6966,0.5989,0.084,0.86,False
OBS-0625-0470,21.831351,80.352184,200.1,0.6242,0.5497,0.2648,0.3393,24.2,228.2,0.6757,0.6259,0.235,0.677,False
OBS-0625-0520,21.831802,80.352184,188.8,0.4606,0.4601,0.4863,0.2782,15.61,353.5,0.1845,0.4737,0.212,0.487,False
OBS-0625-0570,21.832252,80.352184,187.7,0.4189,0.4234,0.4746,0.2566,18.29,223.3,0.0326,0.4471,0.101,0.815,False
OBS-0625-0620,21.832703,80.352184,190.7,0.3958,0.3999,0.452,0.2432,13.02,171.9,0.0479,0.4353,0.193,0.576,False
OBS-0675-0020,21.827297,80.352669,173.3,0.3381,0.3611,0.4944,0.2185,7.21,274.1,0.2349,0.388,0.281,0.466,False
OBS-0675-0070,21.827748,80.352669,172.3,0.2695,0.3047,0.4943,0.1847,12.66,325.2,0.4773,0.3409,0.111,0.78,False
OBS-0675-0120,21.828198,80.352669,173.7,0.2643,0.3161,0.5714,0.1889,7.08,259.5,0.4655,0.3235,0.4,0.3,False
OBS-0675-0170,21.828649,80.352669,175.0,0.2903,0.322,0.4952,0.195,10.19,346.8,0.4034,0.355,0.313,0.433,False
OBS-0675-0220,21.829099,80.352669,172.2,0.3015,0.3194,0.4367,0.1954,13.89,281.5,0.3867,0.3732,0.204,0.601,False
OBS-0675-0270,21.82955,80.352669,181.8,0.3231,0.3338,0.4202,0.2046,8.9,312.0,0.3169,0.391,0.339,0.379,False
OBS-0675-0320,21.83,80.352669,182.4,0.3666,0.384,0.4916,0.2323,9.5,41.1,0.1352,0.4081,0.324,0.3,False
OBS-0675-0370,21.83045,80.352669,181.6,0.4311,0.4483,0.5474,0.269,9.5,263.7,0.1046,0.4425,0.015,1.0,False
OBS-0675-0420,21.830901,80.352669,188.1,0.4536,0.4447,0.4386,0.2705,13.56,158.4,0.1412,0.4774,0.015,0.988,False
OBS-0675-0470,21.831351,80.352669,187.4,0.4644,0.4485,0.4134,0.2736,16.74,199.1,0.1696,0.4894,0.04,0.975,False
OBS-0675-0520,21.831802,80.352669,190.6,0.4135,0.4184,0.4711,0.2536,14.61,235.5,0.0125,0.4441,0.321,0.3,False
OBS-0675-0570,21.832252,80.352669,178.7,0.4462,0.4551,0.52,0.2741,14.11,349.1,0.1471,0.4578,0.096,0.766,False
OBS-0675-0620,21.832703,80.352669,180.2,0.4107,0.4154,0.4683,0.252,10.71,354.4,0.0019,0.4426,0.041,0.925,False
OBS-0725-0020,21.827297,80.353154,177.6,0.3254,0.3472,0.4771,0.2108,6.57,103.8,0.2865,0.3824,0.068,0.862,False
OBS-0725-0070,21.827748,80.353154,179.8,0.349,0.3844,0.5649,0.2301,10.4,264.2,0.1686,0.3829,0.178,0.657,False
OBS-0725-0120,21.828198,80.353154,167.3,0.32,0.3548,0.5368,0.2133,9.08,270.0,0.2822,0.368,0.216,0.623,False
OBS-0725-0170,21.828649,80.353154,168.0,0.3525,0.3927,0.5917,0.2342,10.84,124.7,0.1458,0.3805,0.08,0.752,False
OBS-0725-0220,21.829099,80.353154,165.1,0.3177,0.3499,0.5217,0.2109,11.63,44.6,0.2962,0.3691,0.213,0.623,False
OBS-0725-0270,21.82955,80.353154,178.0,0.3026,0.3202,0.4361,0.1959,11.58,14.7,0.3831,0.3741,0.235,0.53,False
OBS-0725-0320,21.83,80.353154,167.3,0.2403,0.2746,0.4639,0.1676,10.75,279.8,0.5925,0.3262,0.365,0.3,False
OBS-0725-0370,21.83045,80.353154,170.4,0.3298,0.3783,0.6131,0.2249,9.43,176.3,0.2177,0.3611,0.164,0.598,False
OBS-0725-0420,21.830901,80.353154,181.5,0.401,0.4292,0.5752,0.2567,12.51,354.8,0.0472,0.4168,0.4,0.3,False
OBS-0725-0470,21.831351,80.353154,178.8,0.3844,0.3916,0.4573,0.2381,11.64,167.4,0.086,0.4265,0.112,0.656,False
OBS-0725-0520,21.831802,80.353154,178.5,0.3237,0.3464,0.48,0.2102,10.74,352.1,0.2914,0.3807,0.06,0.913,False
OBS-0725-0570,21.832252,80.353154,180.3,0.4342,0.4488,0.5377,0.2697,13.34,148.2,0.1116,0.4463,0.285,0.355,False
OBS-0725-0620,21.832703,80.353154,186.2,0.3652,0.3656,0.4065,0.2241,15.06,285.7,0.1737,0.4224,0.388,0.3,False
OBS-0775-0020,21.827297,80.353639,180.4,0.3156,0.3338,0.4505,0.2036,10.61,30.5,0.3315,0.3804,0.03,0.934,False
OBS-0775-0070,21.827748,80.353639,172.8,0.3433,0.3741,0.5372,0.2249,11.66,200.0,0.1996,0.384,0.068,0.922,False
OBS-0775-0120,21.828198,80.353639,175.0,0.3058,0.3337,0.49,0.2022,9.93,288.7,0.3507,0.3666,0.181,0.63,False
OBS-0775-0170,21.828649,80.353639,179.2,0.2959,0.332,0.5221,0.2001,9.42,332.9,0.3732,0.354,0.324,0.317,False
OBS-0775-0220,21.829099,80.353639,175.7,0.2885,0.3247,0.5159,0.196,11.23,296.1,0.4017,0.3501,0.042,0.892,False
OBS-0775-0270,21.82955,80.353639,170.6,0.3495,0.3742,0.513,0.2258,7.21,13.3,0.1874,0.3925,0.144,0.775,False
OBS-0775-0320,21.83,80.353639,180.3,0.3768,0.4079,0.5685,0.2441,8.35,134.2,0.0692,0.4013,0.388,0.3,False
OBS-0775-0370,21.83045,80.353639,171.2,0.3298,0.3571,0.5082,0.2156,7.8,17.5,0.2589,0.3798,0.199,0.582,False
OBS-0775-0420,21.830901,80.353639,186.7,0.3833,0.402,0.5133,0.2425,7.39,39.3,0.0679,0.4157,0.096,0.795,False
OBS-0775-0470,21.831351,80.353639,186.4,0.3163,0.3186,0.3724,0.1971,11.39,243.1,0.3596,0.3949,0.345,0.3,False
OBS-0775-0520,21.831802,80.353639,183.1,0.3842,0.3932,0.4662,0.2387,14.38,256.8,0.0833,0.4247,0.246,0.527,False
OBS-0775-0570,21.832252,80.353639,183.0,0.366,0.3698,0.4237,0.2261,12.58,278.5,0.164,0.4199,0.292,0.327,False
OBS-0775-0620,21.832703,80.353639,181.7,0.3603,0.3606,0.4019,0.2213,13.77,311.6,0.1928,0.4199,0.375,0.3,False
