grid_x,grid_y,latitude,longitude,elevation_m,ndvi,iron_oxide_idx,clay_alter_idx,soil_moisture,surface_reflectance,slope_deg,aspect_deg,spectral_anomaly,mineralisation_score,cloud_cover,satellite_confidence,grade_proxy_mn,surface_target
25.0,20.0,21.827297297297296,80.34636064826468,174.3,0.5387,0.3029,0.3412,0.4449,0.2051,7.8,251.3,0.3418,0.3559,0.03,0.966,6.95,False
25.0,70.0,21.827747747747747,80.34636064826468,185.2,0.4775,0.2543,0.2889,0.3934,0.1757,8.69,301.7,0.5375,0.3335,0.313,0.368,6.58,False
25.0,120.0,21.828198198198198,80.34636064826468,172.5,0.5299,0.3676,0.3925,0.4426,0.2362,13.2,14.5,0.1168,0.402,0.089,0.801,10.35,False
25.0,170.0,21.828648648648645,80.34636064826468,185.1,0.4857,0.4626,0.4616,0.4146,0.2791,11.92,72.6,0.1914,0.4752,0.4,0.3,16.34,False
25.0,220.0,21.829099099099096,80.34636064826468,201.3,0.3,0.4481,0.4121,0.2678,0.2556,17.44,45.0,0.0674,0.4985,0.4,0.3,21.6,False
25.0,270.0,21.829549549549547,80.34636064826468,203.1,0.2969,0.526,0.4755,0.2708,0.2937,18.47,181.6,0.3414,0.5526,0.151,0.813,25.46,False
25.0,320.0,21.83,80.34636064826468,204.3,0.2909,0.6962,0.6141,0.2783,0.3771,23.26,268.3,0.9401,0.6707,0.158,0.689,33.85,True
25.0,370.0,21.83045045045045,80.34636064826468,200.9,0.326,0.588,0.5323,0.2981,0.3268,22.54,226.8,0.5717,0.59,0.158,0.774,27.51,False
25.0,420.0,21.8309009009009,80.34636064826468,192.2,0.3934,0.5091,0.4811,0.3455,0.2939,18.42,306.4,0.3195,0.5237,0.017,0.983,21.54,False
25.0,470.0,21.83135135135135,80.34636064826468,193.1,0.357,0.4761,0.4466,0.3145,0.2744,19.8,55.9,0.1886,0.5075,0.165,0.718,21.12,False
25.0,520.0,21.8318018018018,80.34636064826468,184.0,0.4694,0.4829,0.475,0.4033,0.2877,15.06,264.5,0.2567,0.492,0.159,0.645,17.84,False
25.0,570.0,21.83225225225225,80.34636064826468,182.9,0.4934,0.4314,0.4376,0.4185,0.2644,12.24,69.5,0.0845,0.4524,0.1,0.756,14.6,False
25.0,620.0,21.8327027027027,80.34636064826468,175.0,0.4621,0.4038,0.4086,0.392,0.2481,13.01,97.5,0.0154,0.439,0.178,0.666,14.27,False
75.0,20.0,21.827297297297296,80.34684589516272,174.0,0.5808,0.3249,0.3677,0.4796,0.2196,9.88,255.6,0.2478,0.3634,0.4,0.3,6.66,False
75.0,70.0,21.827747747747747,80.34684589516272,174.4,0.5572,0.2904,0.3346,0.4585,0.2005,9.27,352.9,0.3789,0.344,0.245,0.511,5.75,False
75.0,120.0,21.828198198198198,80.34684589516272,175.6,0.4612,0.3018,0.3246,0.3839,0.1977,8.69,220.2,0.3761,0.3691,0.153,0.63,9.39,False
75.0,170.0,21.828648648648645,80.34684589516272,177.4,0.459,0.443,0.4401,0.3923,0.2671,14.71,19.6,0.1119,0.4665,0.139,0.654,16.26,False
75.0,220.0,21.829099099099096,80.34684589516272,202.9,0.308,0.546,0.4941,0.281,0.3045,20.22,221.9,0.4163,0.5643,0.323,0.3,26.06,False
75.0,270.0,21.829549549549547,80.34684589516272,202.5,0.3767,0.6372,0.583,0.3415,0.3556,25.96,15.2,0.7654,0.6147,0.258,0.396,28.25,False
75.0,320.0,21.83,80.34684589516272,201.5,0.301,0.6595,0.5859,0.2836,0.3599,26.55,318.3,0.8144,0.6436,0.127,0.752,31.76,True
75.0,370.0,21.83045045045045,80.34684589516272,198.9,0.3287,0.5982,0.5412,0.301,0.3321,19.04,255.4,0.6087,0.5965,0.144,0.769,27.91,False
75.0,420.0,21.8309009009009,80.34684589516272,192.8,0.3044,0.583,0.5238,0.2809,0.3225,20.2,62.3,0.5456,0.5904,0.037,0.925,27.96,False
75.0,470.0,21.83135135135135,80.34684589516272,189.9,0.4332,0.5815,0.5487,0.3819,0.3331,15.6,33.0,0.591,0.5663,0.033,0.822,23.75,False
75.0,520.0,21.8318018018018,80.34684589516272,181.4,0.4435,0.4103,0.4101,0.3777,0.2496,12.77,66.1,0.0,0.4468,0.058,0.875,15.18,False
75.0,570.0,21.83225225225225,80.34684589516272,179.7,0.5047,0.2775,0.3134,0.4164,0.1896,10.12,352.8,0.4448,0.3445,0.183,0.626,6.82,False
75.0,620.0,21.8327027027027,80.34684589516272,176.4,0.4658,0.3509,0.3659,0.391,0.2223,14.45,165.1,0.2008,0.402,0.189,0.728,11.61,False
125.0,20.0,21.827297297297296,80.34733114206077,177.8,0.543,0.3213,0.3571,0.4496,0.2145,8.49,282.3,0.2753,0.3677,0.1,0.726,7.7,False
125.0,70.0,21.827747747747747,80.34733114206077,171.7,0.5367,0.3131,0.3492,0.444,0.2099,8.54,229.1,0.3065,0.3633,0.006,0.969,7.51,False
125.0,120.0,21.828198198198198,80.34733114206077,178.0,0.5224,0.3422,0.3702,0.4349,0.223,6.55,206.1,0.2093,0.3859,0.233,0.618,9.37,False
125.0,170.0,21.828648648648645,80.34733114206077,179.0,0.5025,0.3773,0.395,0.4218,0.2386,11.76,52.2,0.0931,0.4135,0.156,0.71,11.7,False
125.0,220.0,21.829099099099096,80.34733114206077,193.9,0.5161,0.5464,0.5366,0.4445,0.3231,14.08,340.6,0.4995,0.5274,0.13,0.769,19.41,False
125.0,270.0,21.829549549549547,80.34733114206077,193.6,0.3461,0.5444,0.5005,0.3108,0.3071,18.01,108.5,0.4255,0.5564,0.013,0.979,24.76,False
125.0,320.0,21.83,80.34733114206077,191.9,0.3168,0.5812,0.5249,0.2905,0.3227,18.76,208.1,0.5443,0.587,0.045,0.926,27.48,False
125.0,370.0,21.83045045045045,80.34733114206077,197.3,0.2711,0.6237,0.5505,0.2576,0.3396,22.2,251.9,0.6764,0.6244,0.396,0.3,30.99,False
125.0,420.0,21.8309009009009,80.34733114206077,204.1,0.3219,0.6992,0.6228,0.3028,0.3813,19.95,233.7,0.9629,0.6672,0.185,0.589,33.0,True
125.0,470.0,21.83135135135135,80.34733114206077,187.0,0.441,0.558,0.531,0.3864,0.3222,14.85,338.6,0.5111,0.5488,0.4,0.3,22.37,False
125.0,520.0,21.8318018018018,80.34733114206077,183.3,0.4659,0.3774,0.3877,0.393,0.2354,16.98,53.4,0.1072,0.4202,0.146,0.638,12.88,False
125.0,570.0,21.83225225225225,80.34733114206077,177.5,0.4407,0.3381,0.3503,0.3704,0.2138,9.57,183.0,0.2559,0.3977,0.2,0.616,11.8,False
125.0,620.0,21.8327027027027,80.34733114206077,192.6,0.4353,0.3489,0.358,0.3669,0.2186,10.32,145.5,0.22,0.4061,0.213,0.582,12.49,False
175.0,20.0,21.827297297297296,80.3478163889588,167.5,0.5375,0.3437,0.3745,0.4469,0.2251,14.3,170.7,0.1981,0.3842,0.334,0.301,8.96,False
175.0,70.0,21.827747747747747,80.3478163889588,177.2,0.5421,0.3464,0.3776,0.4507,0.2268,16.42,42.9,0.1869,0.3852,0.19,0.618,8.94,False
175.0,120.0,21.828198198198198,80.3478163889588,171.0,0.5296,0.3448,0.3737,0.4408,0.2249,8.44,48.3,0.1975,0.3863,0.141,0.687,9.26,False
175.0,170.0,21.828648648648645,80.3478163889588,176.5,0.4553,0.3333,0.3493,0.3815,0.2127,11.03,100.1,0.2672,0.3917,0.363,0.3,11.09,False
175.0,220.0,21.829099099099096,80.3478163889588,188.0,0.44,0.4593,0.4497,0.3785,0.2735,15.95,109.7,0.162,0.4811,0.194,0.594,17.65,False
175.0,270.0,21.829549549549547,80.3478163889588,183.6,0.3789,0.5483,0.5104,0.3369,0.3119,22.06,154.0,0.4522,0.5532,0.055,0.835,23.9,False
175.0,320.0,21.83,80.3478163889588,205.4,0.3204,0.6571,0.5879,0.2987,0.3604,20.43,220.0,0.8136,0.6385,0.01,0.997,31.02,False
175.0,370.0,21.83045045045045,80.3478163889588,210.5,0.3745,0.64,0.5849,0.34,0.3568,20.55,228.5,0.7746,0.6171,0.324,0.3,28.46,False
175.0,420.0,21.8309009009009,80.3478163889588,197.8,0.3495,0.6092,0.5545,0.3181,0.3394,22.23,148.3,0.6561,0.6004,0.118,0.8,27.78,False
175.0,470.0,21.83135135135135,80.3478163889588,187.3,0.4705,0.4585,0.4552,0.4024,0.2758,15.59,147.2,0.1712,0.4751,0.131,0.678,16.64,False
175.0,520.0,21.8318018018018,80.3478163889588,188.1,0.4623,0.4038,0.4086,0.3921,0.2481,12.71,78.3,0.0156,0.4389,0.103,0.766,14.26,False
175.0,570.0,21.83225225225225,80.3478163889588,179.9,0.4884,0.385,0.3984,0.4113,0.2411,12.26,211.8,0.0716,0.4213,0.085,0.799,12.52,False
175.0,620.0,21.8327027027027,80.3478163889588,178.3,0.5019,0.4009,0.4142,0.423,0.2501,9.95,114.1,0.0185,0.4299,0.188,0.69,12.85,False
225.0,20.0,21.827297297297296,80.34830163585684,167.3,0.419,0.3051,0.3188,0.351,0.1956,11.19,13.0,0.381,0.3789,0.079,0.858,10.9,False
225.0,70.0,21.827747747747747,80.34830163585684,176.4,0.5126,0.2766,0.3143,0.4225,0.1898,8.79,150.6,0.445,0.3425,0.094,0.801,6.52,False
225.0,120.0,21.828198198198198,80.34830163585684,176.6,0.4769,0.3192,0.3421,0.3975,0.2077,11.5,170.7,0.3085,0.3782,0.25,0.525,9.72,False
225.0,170.0,21.828648648648645,80.34830163585684,174.6,0.4519,0.342,0.3557,0.3795,0.2167,10.94,81.2,0.2378,0.3983,0.072,0.751,11.62,False
225.0,220.0,21.829099099099096,80.34830163585684,188.5,0.4116,0.4498,0.4361,0.3556,0.2663,16.45,206.1,0.1172,0.4797,0.24,0.519,18.11,False
225.0,270.0,21.829549549549547,80.34830163585684,195.3,0.4238,0.6278,0.5848,0.3778,0.3551,21.9,203.7,0.7507,0.5998,0.347,0.406,26.29,False
225.0,320.0,21.83,80.34830163585684,210.1,0.2084,0.7223,0.6188,0.2154,0.3827,26.31,252.7,1.0,0.7034,0.4,0.3,37.75,True
225.0,370.0,21.83045045045045,80.34830163585684,200.4,0.4044,0.6011,0.559,0.3607,0.3402,20.23,233.3,0.649,0.585,0.072,0.858,25.63,False
225.0,420.0,21.8309009009009,80.34830163585684,186.4,0.3074,0.4659,0.4282,0.2748,0.265,17.82,234.9,0.1332,0.5094,0.147,0.732,22.23,False
225.0,470.0,21.83135135135135,80.34830163585684,189.4,0.4345,0.405,0.404,0.3703,0.2462,13.97,113.8,0.0221,0.4448,0.05,0.945,15.22,False
225.0,520.0,21.8318018018018,80.34830163585684,167.8,0.5244,0.311,0.3449,0.4342,0.2078,8.56,283.5,0.319,0.364,0.111,0.677,7.8,False
225.0,570.0,21.83225225225225,80.34830163585684,173.1,0.533,0.344,0.3738,0.4433,0.2248,11.34,197.7,0.1989,0.3852,0.071,0.775,9.11,False
225.0,620.0,21.8327027027027,80.34830163585684,189.3,0.5163,0.3859,0.4048,0.4332,0.244,11.88,155.3,0.0575,0.417,0.377,0.3,11.67,False
275.0,20.0,21.827297297297296,80.3487868827549,182.3,0.5413,0.3533,0.3831,0.4506,0.2302,14.99,225.4,0.1627,0.3901,0.135,0.694,9.3,False
275.0,70.0,21.827747747747747,80.3487868827549,178.8,0.4751,0.3358,0.3553,0.3973,0.2157,14.64,129.8,0.2507,0.3899,0.223,0.62,10.58,False
275.0,120.0,21.828198198198198,80.3487868827549,174.3,0.4645,0.3407,0.3572,0.3893,0.2172,12.57,184.6,0.2375,0.3952,0.028,0.928,11.15,False
275.0,170.0,21.828648648648645,80.3487868827549,181.9,0.4889,0.4479,0.4502,0.4161,0.2722,12.61,265.2,0.141,0.4645,0.068,0.768,15.53,False
275.0,220.0,21.829099099099096,80.3487868827549,193.3,0.3803,0.5115,0.4804,0.3353,0.2939,15.41,319.1,0.3228,0.5277,0.127,0.683,22.08,False
275.0,270.0,21.829549549549547,80.3487868827549,206.8,0.2322,0.6367,0.5534,0.2279,0.3426,25.77,331.6,0.7072,0.6403,0.167,0.528,32.87,False
275.0,320.0,21.83,80.3487868827549,195.7,0.3122,0.5195,0.4732,0.2824,0.2919,19.53,181.3,0.3243,0.5454,0.143,0.702,24.65,False
275.0,370.0,21.83045045045045,80.3487868827549,190.6,0.36,0.4638,0.4371,0.3159,0.2686,17.71,187.3,0.1463,0.4985,0.107,0.777,20.44,False
275.0,420.0,21.8309009009009,80.3487868827549,184.4,0.4655,0.4465,0.4443,0.3976,0.2694,11.01,288.0,0.1268,0.4677,0.054,0.871,16.22,False
275.0,470.0,21.83135135135135,80.3487868827549,165.3,0.5389,0.2844,0.326,0.4437,0.196,10.93,113.2,0.407,0.3432,0.173,0.708,6.05,False
275.0,520.0,21.8318018018018,80.3487868827549,173.0,0.5439,0.3375,0.3706,0.4515,0.2226,11.26,301.5,0.2177,0.3787,0.329,0.402,8.45,False
275.0,570.0,21.83225225225225,80.3487868827549,180.1,0.4906,0.3012,0.33,0.407,0.2,8.11,177.9,0.3668,0.3633,0.153,0.686,8.41,False
275.0,620.0,21.8327027027027,80.3487868827549,171.2,0.5014,0.3488,0.3713,0.4188,0.2244,10.43,41.7,0.1944,0.3941,0.124,0.646,10.36,False
325.0,20.0,21.827297297297296,80.34927212965293,184.4,0.4722,0.4497,0.4483,0.4031,0.2716,15.0,25.9,0.1407,0.4687,0.094,0.844,16.16,False
325.0,70.0,21.827747747747747,80.34927212965293,188.1,0.3793,0.4999,0.4707,0.3337,0.2881,17.46,303.1,0.2814,0.5199,0.238,0.551,21.55,False
325.0,120.0,21.828198198198198,80.34927212965293,198.8,0.3735,0.5953,0.5479,0.336,0.3347,19.32,20.0,0.6163,0.5865,0.233,0.55,26.34,False
325.0,170.0,21.828648648648645,80.34927212965293,189.2,0.3699,0.476,0.4492,0.3246,0.2755,16.69,101.0,0.1936,0.5052,0.173,0.702,20.71,False
325.0,220.0,21.829099099099096,80.34927212965293,205.7,0.3343,0.5689,0.5183,0.3033,0.3182,19.39,120.3,0.5076,0.5754,0.152,0.639,26.32,False
325.0,270.0,21.829549549549547,80.34927212965293,203.0,0.3178,0.5943,0.5358,0.2921,0.3292,21.14,62.3,0.5908,0.5958,0.013,1.0,28.08,False
325.0,320.0,21.83,80.34927212965293,183.0,0.3551,0.4409,0.4174,0.3105,0.2569,19.19,113.0,0.0636,0.4837,0.08,0.793,19.49,False
325.0,370.0,21.83045045045045,80.34927212965293,184.1,0.4983,0.3907,0.4051,0.4194,0.2448,7.37,267.4,0.0475,0.4235,0.082,0.874,12.48,False
325.0,420.0,21.8309009009009,80.34927212965293,176.5,0.4548,0.3561,0.3679,0.3828,0.2239,11.89,5.3,0.1867,0.4075,0.048,0.819,12.21,False
325.0,470.0,21.83135135135135,80.34927212965293,173.2,0.5079,0.3215,0.3502,0.4221,0.2115,10.91,297.8,0.2882,0.3742,0.08,0.794,8.83,False
325.0,520.0,21.8318018018018,80.34927212965293,171.8,0.5712,0.2684,0.3194,0.468,0.191,8.7,308.4,0.4508,0.3264,0.097,0.883,4.25,False
325.0,570.0,21.83225225225225,80.34927212965293,170.5,0.5504,0.2994,0.3406,0.4538,0.2044,8.52,134.0,0.3497,0.3514,0.033,0.92,6.41,False
325.0,620.0,21.8327027027027,80.34927212965293,181.2,0.535,0.3496,0.3788,0.4453,0.2278,7.31,55.3,0.1784,0.3887,0.023,0.997,9.32,False
375.0,20.0,21.827297297297296,80.34975737655097,185.6,0.4087,0.4744,0.4558,0.355,0.2782,16.85,216.3,0.2031,0.4971,0.141,0.731,19.39,False
375.0,70.0,21.827747747747747,80.34975737655097,196.8,0.3202,0.5856,0.5292,0.2934,0.3252,24.02,43.1,0.561,0.5894,0.03,0.935,27.58,False
375.0,120.0,21.828198198198198,80.34975737655097,192.7,0.3641,0.5509,0.5096,0.3254,0.3119,15.86,131.4,0.4558,0.5577,0.147,0.774,24.5,False
375.0,170.0,21.828648648648645,80.34975737655097,198.5,0.2494,0.5621,0.4955,0.2361,0.3073,22.91,345.0,0.4501,0.5859,0.095,0.798,28.72,False
375.0,220.0,21.829099099099096,80.34975737655097,212.7,0.2192,0.6392,0.5528,0.2179,0.3427,23.02,358.4,0.7108,0.6444,0.149,0.613,33.41,True
375.0,270.0,21.829549549549547,80.34975737655097,194.2,0.3391,0.4533,0.4243,0.2988,0.2616,16.72,278.0,0.1012,0.495,0.092,0.777,20.6,False
375.0,320.0,21.83,80.34975737655097,192.1,0.4073,0.3762,0.3748,0.3469,0.2296,11.59,111.9,0.1346,0.4298,0.171,0.686,14.7,False
375.0,370.0,21.83045045045045,80.34975737655097,188.4,0.5196,0.3455,0.3723,0.4329,0.2244,10.31,247.6,0.1989,0.3886,0.042,0.936,9.62,False
375.0,420.0,21.8309009009009,80.34975737655097,173.4,0.4464,0.3213,0.3376,0.3737,0.206,14.21,253.9,0.3131,0.3851,0.044,0.833,10.8,False
375.0,470.0,21.83135135135135,80.34975737655097,170.8,0.5286,0.2433,0.2902,0.4327,0.1748,9.36,139.6,0.5564,0.3167,0.088,0.787,4.4,False
375.0,520.0,21.8318018018018,80.34975737655097,167.1,0.5913,0.3268,0.3714,0.4879,0.2215,12.73,230.7,0.237,0.3629,0.344,0.3,6.41,False
375.0,570.0,21.83225225225225,80.34975737655097,168.8,0.5142,0.2698,0.309,0.4233,0.1866,11.48,3.9,0.4686,0.3375,0.005,0.971,6.14,False
375.0,620.0,21.8327027027027,80.34975737655097,173.2,0.5411,0.3474,0.3782,0.45,0.2272,11.54,75.3,0.1837,0.3861,0.319,0.3,9.02,False
425.0,20.0,21.827297297297296,80.35024262344902,182.4,0.3812,0.4267,0.411,0.33,0.2522,18.93,189.0,0.028,0.4693,0.06,0.849,17.97,False
425.0,70.0,21.827747747747747,80.35024262344902,187.7,0.3788,0.5124,0.4809,0.3342,0.2942,18.56,59.0,0.3254,0.5286,0.299,0.365,22.17,False
425.0,120.0,21.828198198198198,80.35024262344902,193.1,0.3375,0.4978,0.4605,0.3007,0.2834,19.67,59.7,0.2575,0.5259,0.267,0.504,22.79,False
425.0,170.0,21.828648648648645,80.35024262344902,188.5,0.3614,0.5264,0.4888,0.3216,0.2996,17.75,301.1,0.368,0.5413,0.113,0.814,23.41,False
425.0,220.0,21.829099099099096,80.35024262344902,198.7,0.4186,0.5631,0.5306,0.3691,0.3228,18.44,356.1,0.5203,0.5563,0.033,0.926,23.34,False
425.0,270.0,21.829549549549547,80.35024262344902,181.5,0.3542,0.3829,0.3696,0.3056,0.2283,13.38,200.1,0.1316,0.444,0.027,0.927,16.73,False
425.0,320.0,21.83,80.35024262344902,191.4,0.519,0.3503,0.3761,0.4328,0.2267,13.09,302.1,0.1822,0.392,0.152,0.703,9.86,False
425.0,370.0,21.83045045045045,80.35024262344902,178.3,0.4876,0.3806,0.3947,0.4103,0.2389,10.07,356.5,0.0875,0.4185,0.109,0.74,12.33,False
425.0,420.0,21.8309009009009,80.35024262344902,178.0,0.4678,0.3205,0.3412,0.3904,0.2075,12.79,51.0,0.3077,0.3807,0.027,0.888,10.07,False
425.0,470.0,21.83135135135135,80.35024262344902,170.0,0.4351,0.2796,0.301,0.3618,0.1845,10.35,161.4,0.4649,0.3584,0.121,0.712,9.16,False
425.0,520.0,21.8318018018018,80.35024262344902,183.5,0.5189,0.31,0.343,0.4298,0.2068,12.42,141.3,0.3246,0.3643,0.035,0.898,7.93,False
425.0,570.0,21.83225225225225,80.35024262344902,179.0,0.5006,0.273,0.3089,0.4128,0.187,10.94,28.8,0.4623,0.3422,0.071,0.799,6.74,False
425.0,620.0,21.8327027027027,80.35024262344902,178.2,0.5142,0.3357,0.3632,0.428,0.2191,14.46,271.9,0.2356,0.3828,0.176,0.657,9.32,False
475.0,20.0,21.827297297297296,80.35072787034706,173.1,0.4819,0.366,0.3815,0.4048,0.2312,13.61,156.2,0.1414,0.4094,0.022,0.993,11.81,False
475.0,70.0,21.827747747747747,80.35072787034706,183.5,0.5398,0.4464,0.4592,0.456,0.2759,10.08,169.0,0.1555,0.4543,0.059,0.802,13.83,False
475.0,120.0,21.828198198198198,80.35072787034706,195.1,0.3232,0.6012,0.5426,0.2969,0.3331,20.78,54.2,0.6172,0.5996,0.107,0.787,28.23,False
475.0,170.0,21.828648648648645,80.35072787034706,196.1,0.3692,0.4367,0.4168,0.3213,0.2561,13.56,65.1,0.0544,0.4783,0.245,0.498,18.84,False
475.0,220.0,21.829099099099096,80.35072787034706,189.0,0.454,0.4301,0.4285,0.3874,0.2603,13.24,326.6,0.0643,0.4585,0.157,0.703,15.8,False
475.0,270.0,21.829549549549547,80.35072787034706,182.7,0.4746,0.4002,0.4082,0.4015,0.2474,16.18,16.1,0.0232,0.4343,0.047,0.906,13.7,False
475.0,320.0,21.83,80.35072787034706,165.9,0.5584,0.3882,0.4152,0.4665,0.2489,12.68,83.8,0.0451,0.411,0.113,0.701,10.43,False
475.0,370.0,21.83045045045045,80.35072787034706,178.4,0.4965,0.4327,0.4393,0.421,0.2653,12.22,105.1,0.0902,0.4527,0.157,0.622,14.56,False
475.0,420.0,21.8309009009009,80.35072787034706,188.5,0.4617,0.4371,0.4359,0.394,0.2645,12.3,176.5,0.0922,0.462,0.049,0.904,15.89,False
475.0,470.0,21.83135135135135,80.35072787034706,181.6,0.5817,0.361,0.3976,0.4828,0.2375,10.38,211.1,0.1196,0.3882,0.118,0.815,8.37,False
475.0,520.0,21.8318018018018,80.35072787034706,182.0,0.4478,0.2871,0.3098,0.3724,0.1893,8.27,177.6,0.4333,0.3613,0.249,0.391,9.11,False
475.0,570.0,21.83225225225225,80.35072787034706,166.2,0.4898,0.2787,0.3114,0.4047,0.1888,8.43,30.3,0.4466,0.348,0.069,0.879,7.36,False
475.0,620.0,21.8327027027027,80.35072787034706,179.1,0.4525,0.3087,0.3285,0.3776,0.2003,11.8,87.7,0.3552,0.3753,0.291,0.478,10.0,False
525.0,20.0,21.827297297297296,80.3512131172451,182.8,0.477,0.328,0.3493,0.3982,0.212,13.57,303.7,0.2775,0.3842,0.29,0.413,10.14,False
525.0,70.0,21.827747747747747,80.3512131172451,164.2,0.4666,0.2348,0.2706,0.3834,0.1652,10.26,229.5,0.6107,0.322,0.065,0.898,5.99,False
525.0,120.0,21.828198198198198,80.3512131172451,182.3,0.4939,0.4147,0.4239,0.4177,0.2562,8.61,233.7,0.0254,0.4408,0.068,0.828,13.77,False
525.0,170.0,21.828648648648645,80.3512131172451,184.6,0.4465,0.3976,0.4003,0.3792,0.2436,14.18,241.3,0.0436,0.4375,0.291,0.413,14.47,False
525.0,220.0,21.829099099099096,80.3512131172451,181.0,0.3914,0.3496,0.3497,0.3325,0.2151,13.42,274.6,0.2347,0.4144,0.093,0.732,13.93,False
525.0,270.0,21.829549549549547,80.3512131172451,173.2,0.4138,0.3632,0.3654,0.3511,0.2238,14.07,20.9,0.1779,0.4197,0.03,0.823,13.86,False
525.0,320.0,21.83,80.3512131172451,180.2,0.4822,0.398,0.4079,0.4073,0.247,16.2,132.0,0.028,0.4314,0.031,0.985,13.35,False
525.0,370.0,21.83045045045045,80.3512131172451,187.6,0.4551,0.502,0.4878,0.3934,0.2959,11.98,194.2,0.3188,0.5078,0.396,0.3,19.22,False
525.0,420.0,21.8309009009009,80.3512131172451,187.7,0.5165,0.5295,0.5228,0.4436,0.3148,14.58,121.8,0.4401,0.5157,0.015,0.947,18.58,False
525.0,470.0,21.83135135135135,80.3512131172451,182.3,0.5839,0.5198,0.5285,0.4959,0.316,15.54,304.0,0.4321,0.4969,0.018,0.894,15.94,False
525.0,520.0,21.8318018018018,80.3512131172451,178.5,0.4944,0.3891,0.403,0.4162,0.2437,9.37,173.7,0.0548,0.4231,0.14,0.649,12.52,False
525.0,570.0,21.83225225225225,80.3512131172451,172.8,0.4816,0.2532,0.2888,0.3965,0.1755,12.21,276.7,0.5399,0.3319,0.309,0.373,6.39,False
525.0,620.0,21.8327027027027,80.3512131172451,181.2,0.3849,0.2863,0.2964,0.3229,0.1834,12.5,306.7,0.4608,0.372,0.181,0.602,11.09,False
575.0,20.0,21.827297297297296,80.35169836414315,178.2,0.4948,0.372,0.389,0.4153,0.2353,13.78,181.7,0.115,0.4113,0.209,0.601,11.69,False
575.0,70.0,21.827747747747747,80.35169836414315,176.5,0.4514,0.3233,0.3403,0.3777,0.2075,10.44,327.4,0.3039,0.3856,0.4,0.3,10.74,False
575.0,120.0,21.828198198198198,80.35169836414315,179.9,0.4636,0.3475,0.3626,0.3891,0.2204,13.62,211.4,0.2138,0.4,0.053,0.911,11.51,False
575.0,170.0,21.828648648648645,80.35169836414315,171.1,0.4454,0.3558,0.3658,0.3753,0.2229,14.65,306.1,0.1915,0.409,0.151,0.71,12.5,False
575.0,220.0,21.829099099099096,80.35169836414315,184.4,0.4592,0.3855,0.3929,0.3884,0.2388,13.51,122.6,0.0813,0.4269,0.05,0.978,13.48,False
575.0,270.0,21.829549549549547,80.35169836414315,182.0,0.5171,0.4241,0.4364,0.4366,0.2629,13.51,179.6,0.0681,0.4431,0.109,0.729,13.48,False
575.0,320.0,21.83,80.35169836414315,181.6,0.4778,0.3879,0.3986,0.4031,0.2416,13.32,191.3,0.0656,0.4252,0.069,0.859,13.0,False
575.0,370.0,21.83045045045045,80.35169836414315,196.8,0.3883,0.5018,0.4741,0.3409,0.2899,15.52,37.8,0.2918,0.5196,0.216,0.624,21.36,False
575.0,420.0,21.8309009009009,80.35169836414315,187.1,0.3117,0.5312,0.4827,0.2828,0.2976,19.02,143.5,0.3655,0.5535,0.195,0.673,25.23,False
575.0,470.0,21.83135135135135,80.35169836414315,185.3,0.2929,0.4909,0.4459,0.2652,0.2761,18.3,330.2,0.2159,0.5292,0.065,0.799,23.9,False
575.0,520.0,21.8318018018018,80.35169836414315,186.4,0.4213,0.4101,0.4055,0.3603,0.2476,15.09,227.1,0.0093,0.4506,0.04,0.905,15.89,False
575.0,570.0,21.83225225225225,80.35169836414315,182.1,0.4621,0.3905,0.3976,0.391,0.2415,15.12,63.9,0.0625,0.4298,0.051,0.966,13.63,False
575.0,620.0,21.8327027027027,80.35169836414315,182.3,0.5542,0.441,0.4577,0.467,0.2745,10.72,122.0,0.1421,0.448,0.4,0.3,13.1,False
625.0,20.0,21.827297297297296,80.35218361104118,176.5,0.4942,0.3577,0.3771,0.4138,0.2281,11.48,69.0,0.1659,0.4015,0.08,0.85,11.02,False
625.0,70.0,21.827747747747747,80.35218361104118,179.7,0.5526,0.3558,0.3874,0.4596,0.2324,13.64,8.9,0.1496,0.3898,0.024,0.941,9.05,False
625.0,120.0,21.828198198198198,80.35218361104118,178.8,0.4967,0.2829,0.3162,0.4105,0.1915,8.27,333.9,0.4289,0.3497,0.302,0.377,7.34,False
625.0,170.0,21.828648648648645,80.35218361104118,176.9,0.4615,0.2647,0.2942,0.3816,0.1795,8.25,161.4,0.507,0.3435,0.075,0.865,7.59,False
625.0,220.0,21.829099099099096,80.35218361104118,178.4,0.4356,0.3326,0.3447,0.366,0.2106,12.49,110.7,0.2773,0.3948,0.083,0.821,11.69,False
625.0,270.0,21.829549549549547,80.35218361104118,171.0,0.4344,0.3614,0.3681,0.3672,0.2247,14.53,215.5,0.1763,0.4148,0.092,0.813,13.11,False
625.0,320.0,21.83,80.35218361104118,185.6,0.5696,0.4558,0.473,0.4801,0.2831,12.98,2.6,0.2003,0.4555,0.178,0.649,13.32,False
625.0,370.0,21.83045045045045,80.35218361104118,190.0,0.4129,0.3866,0.3844,0.352,0.2352,16.52,100.1,0.0957,0.436,0.288,0.39,15.02,False
625.0,420.0,21.8309009009009,80.35218361104118,202.3,0.3864,0.6166,0.568,0.3476,0.3463,21.95,253.1,0.6966,0.5989,0.084,0.86,26.95,False
625.0,470.0,21.83135135135135,80.35218361104118,200.1,0.2648,0.6242,0.5497,0.2526,0.3393,24.2,228.2,0.6757,0.6259,0.235,0.677,31.22,False
625.0,520.0,21.8318018018018,80.35218361104118,188.8,0.4863,0.4606,0.4601,0.415,0.2782,15.61,353.5,0.1845,0.4737,0.212,0.487,16.23,False
625.0,570.0,21.83225225225225,80.35218361104118,187.7,0.4746,0.4189,0.4234,0.4028,0.2566,18.29,223.3,0.0326,0.4471,0.101,0.815,14.6,False
625.0,620.0,21.8327027027027,80.35218361104118,190.7,0.452,0.3958,0.3999,0.3834,0.2432,13.02,171.9,0.0479,0.4353,0.193,0.576,14.21,False
675.0,20.0,21.827297297297296,80.35266885793922,173.3,0.4944,0.3381,0.3611,0.4126,0.2185,7.21,274.1,0.2349,0.388,0.281,0.466,10.07,False
675.0,70.0,21.827747747747747,80.35266885793922,172.3,0.4943,0.2695,0.3047,0.4076,0.1847,12.66,325.2,0.4773,0.3409,0.111,0.78,6.77,False
675.0,120.0,21.828198198198198,80.35266885793922,173.7,0.5714,0.2643,0.3161,0.4678,0.1889,7.08,259.5,0.4655,0.3235,0.4,0.3,4.04,False
675.0,170.0,21.828648648648645,80.35266885793922,175.0,0.4952,0.2903,0.322,0.4099,0.195,10.19,346.8,0.4034,0.355,0.313,0.433,7.74,False
675.0,220.0,21.829099099099096,80.35266885793922,172.2,0.4367,0.3015,0.3194,0.3647,0.1954,13.89,281.5,0.3867,0.3732,0.204,0.601,10.16,False
675.0,270.0,21.829549549549547,80.35266885793922,181.8,0.4202,0.3231,0.3338,0.3533,0.2046,8.9,312.0,0.3169,0.391,0.339,0.379,11.73,False
675.0,320.0,21.83,80.35266885793922,182.4,0.4916,0.3666,0.384,0.4125,0.2323,9.5,41.1,0.1352,0.4081,0.324,0.3,11.53,False
675.0,370.0,21.83045045045045,80.35266885793922,181.6,0.5474,0.4311,0.4483,0.4609,0.269,9.5,263.7,0.1046,0.4425,0.015,1.0,12.85,False
675.0,420.0,21.8309009009009,80.35266885793922,188.1,0.4386,0.4536,0.4447,0.377,0.2705,13.56,158.4,0.1412,0.4774,0.015,0.988,17.42,False
675.0,470.0,21.83135135135135,80.35266885793922,187.4,0.4134,0.4644,0.4485,0.358,0.2736,16.74,199.1,0.1696,0.4894,0.04,0.975,18.75,False
675.0,520.0,21.8318018018018,80.35266885793922,190.6,0.4711,0.4135,0.4184,0.3997,0.2536,14.61,235.5,0.0125,0.4441,0.321,0.3,14.45,False
675.0,570.0,21.83225225225225,80.35266885793922,178.7,0.52,0.4462,0.4551,0.4405,0.2741,14.11,349.1,0.1471,0.4578,0.096,0.766,14.45,False
675.0,620.0,21.8327027027027,80.35266885793922,180.2,0.4683,0.4107,0.4154,0.3973,0.252,10.71,354.4,0.0019,0.4426,0.041,0.925,14.4,False
725.0,20.0,21.827297297297296,80.35315410483727,177.6,0.4771,0.3254,0.3472,0.3981,0.2108,6.57,103.8,0.2865,0.3824,0.068,0.862,10.01,False
725.0,70.0,21.827747747747747,80.35315410483727,179.8,0.5649,0.349,0.3844,0.4688,0.2301,10.4,264.2,0.1686,0.3829,0.178,0.657,8.33,False
725.0,120.0,21.828198198198198,80.35315410483727,167.3,0.5368,0.32,0.3548,0.4446,0.2133,9.08,270.0,0.2822,0.368,0.216,0.623,7.84,False
725.0,170.0,21.828648648648645,80.35315410483727,168.0,0.5917,0.3525,0.3927,0.4901,0.2342,10.84,124.7,0.1458,0.3805,0.08,0.752,7.64,False
725.0,220.0,21.829099099099096,80.35315410483727,165.1,0.5217,0.3177,0.3499,0.4326,0.2109,11.63,44.6,0.2962,0.3691,0.213,0.623,8.21,False
725.0,270.0,21.829549549549547,80.35315410483727,178.0,0.4361,0.3026,0.3202,0.3643,0.1959,11.58,14.7,0.3831,0.3741,0.235,0.53,10.23,False
725.0,320.0,21.83,80.35315410483727,167.3,0.4639,0.2403,0.2746,0.3817,0.1676,10.75,279.8,0.5925,0.3262,0.365,0.3,6.34,False
725.0,370.0,21.83045045045045,80.35315410483727,170.4,0.6131,0.3298,0.3783,0.5053,0.2249,9.43,176.3,0.2177,0.3611,0.164,0.598,5.86,False
725.0,420.0,21.8309009009009,80.35315410483727,181.5,0.5752,0.401,0.4292,0.4806,0.2567,12.51,354.8,0.0472,0.4168,0.4,0.3,10.5,False
725.0,470.0,21.83135135135135,80.35315410483727,178.8,0.4573,0.3844,0.3916,0.3868,0.2381,11.64,167.4,0.086,0.4265,0.112,0.656,13.49,False
725.0,520.0,21.8318018018018,80.35315410483727,178.5,0.48,0.3237,0.3464,0.4003,0.2102,10.74,352.1,0.2914,0.3807,0.06,0.913,9.84,False
725.0,570.0,21.83225225225225,80.35315410483727,180.3,0.5377,0.4342,0.4488,0.4535,0.2697,13.34,148.2,0.1116,0.4463,0.285,0.355,13.31,False
725.0,620.0,21.8327027027027,80.35315410483727,186.2,0.4065,0.3652,0.3656,0.3455,0.2241,15.06,285.7,0.1737,0.4224,0.388,0.3,14.2,False
775.0,20.0,21.827297297297296,80.35363935173531,180.4,0.4505,0.3156,0.3338,0.3765,0.2036,10.61,30.5,0.3315,0.3804,0.03,0.934,10.4,False
775.0,70.0,21.827747747747747,80.35363935173531,172.8,0.5372,0.3433,0.3741,0.4466,0.2249,11.66,200.0,0.1996,0.384,0.068,0.922,8.95,False
775.0,120.0,21.828198198198198,80.35363935173531,175.0,0.49,0.3058,0.3337,0.4068,0.2022,9.93,288.7,0.3507,0.3666,0.181,0.63,8.66,False
775.0,170.0,21.828648648648645,80.35363935173531,179.2,0.5221,0.2959,0.332,0.4314,0.2001,9.42,332.9,0.3732,0.354,0.324,0.317,7.14,False
775.0,220.0,21.829099099099096,80.35363935173531,175.7,0.5159,0.2885,0.3247,0.426,0.196,11.23,296.1,0.4017,0.3501,0.042,0.892,6.99,False
775.0,270.0,21.829549549549547,80.35363935173531,170.6,0.513,0.3495,0.3742,0.428,0.2258,7.21,13.3,0.1874,0.3925,0.144,0.775,10.02,False
775.0,320.0,21.83,80.35363935173531,180.3,0.5685,0.3768,0.4079,0.4736,0.2441,8.35,134.2,0.0692,0.4013,0.388,0.3,9.55,False
775.0,370.0,21.83045045045045,80.35363935173531,171.2,0.5082,0.3298,0.3571,0.4229,0.2156,7.8,17.5,0.2589,0.3798,0.199,0.582,9.22,False
775.0,420.0,21.8309009009009,80.35363935173531,186.7,0.5133,0.3833,0.402,0.4307,0.2425,7.39,39.3,0.0679,0.4157,0.096,0.795,11.64,False
775.0,470.0,21.83135135135135,80.35363935173531,186.4,0.3724,0.3163,0.3186,0.3152,0.1971,11.39,243.1,0.3596,0.3949,0.345,0.3,12.94,False
775.0,520.0,21.8318018018018,80.35363935173531,183.1,0.4662,0.3842,0.3932,0.3938,0.2387,14.38,256.8,0.0833,0.4247,0.246,0.527,13.19,False
775.0,570.0,21.83225225225225,80.35363935173531,183.0,0.4237,0.366,0.3698,0.3591,0.2261,12.58,278.5,0.164,0.4199,0.292,0.327,13.68,False
775.0,620.0,21.8327027027027,80.35363935173531,181.7,0.4019,0.3603,0.3606,0.3415,0.2213,13.77,311.6,0.1928,0.4199,0.375,0.3,14.11,False
